Agent 0,Agent 1,min,max,avg,steps,trend
30.7,3.3,2.6,31.4,17.0,1,20.66425801120468
29.8,12.1,3.4,38.5,20.95,2,20.650100990266267
28.4,11.8,2.8,37.4,20.099999999999998,3,20.637108910308807
30.7,10.7,2.6,38.8,20.7,4,20.625268548953418
31.5,22.2,5.0,48.7,26.85,5,20.61456674024147
28.6,17.6,4.0,42.2,23.1,6,20.604990374634603
28.1,7.6,3.1,32.6,17.85,7,20.5965263990147
30.3,7.1,0.9,36.5,18.7,8,20.589161816683923
32.0,7.7,2.5,37.2,19.85,9,20.582883687364674
30.3,7.8,3.5,34.6,19.05,10,20.57767912719963
43.2,8.3,1.7,49.8,25.75,11,20.573535308751712
38.0,22.7,6.0,54.7,30.35,12,20.57043946100412
34.0,4.7,2.2,36.5,19.35,13,20.568378869360295
31.3,8.2,2.2,37.3,19.75,14,20.56734087564395
31.1,14.5,5.1,40.5,22.8,15,20.56731287809905
30.0,17.3,1.9,45.4,23.65,16,20.56828233138982
31.4,8.6,2.5,37.5,20.0,17,20.57023674660075
30.9,23.2,3.6,50.5,27.05,18,20.57316369123658
30.6,22.5,5.0,48.1,26.55,19,20.57705078922232
30.7,4.3,2.3,32.7,17.5,20,20.58188572090323
28.5,1.6,0.2,29.9,15.049999999999999,21,20.587656223044835
34.2,2.2,0.9,35.5,18.2,22,20.594350088832915
29.0,9.0,3.4,34.6,19.0,23,20.60195516787352
31.8,9.7,3.6,37.9,20.75,24,20.61045936619294
35.6,5.1,3.6,37.1,20.35,25,20.619850646237744
30.4,15.1,6.3,39.2,22.75,26,20.63011702687475
22.9,1.2,1.1,23.0,12.05,27,20.641246583391037
22.5,17.7,3.3,36.9,20.099999999999998,28,20.653227447493943
30.8,14.8,4.9,40.7,22.8,29,20.66604780731107
24.2,17.1,6.9,34.4,20.65,30,20.67969590739027
33.3,9.5,5.8,37.0,21.4,31,20.69416004869966
24.9,10.6,7.7,27.8,17.75,32,20.709428588627624
24.9,9.7,3.8,30.8,17.3,33,20.725489940982786
25.2,8.2,4.0,29.4,16.7,34,20.742332575994052
23.6,22.0,7.4,38.2,22.8,35,20.759945020310568
25.1,11.0,3.4,32.7,18.05,36,20.778315857001747
29.2,8.4,2.4,35.2,18.8,37,20.79743372555727
26.8,10.6,3.8,33.6,18.7,38,20.817287321887065
23.7,15.4,6.6,32.5,19.55,39,20.837865398321323
24.5,14.9,5.0,34.4,19.7,40,20.859156763610493
24.7,11.0,3.9,31.8,17.85,41,20.88115028292529
24.7,10.9,3.9,31.7,17.8,42,20.903834877856678
23.9,12.8,4.1,32.6,18.35,43,20.927199526415894
24.1,13.8,5.9,32.0,18.95,44,20.951233263034418
24.8,10.5,3.1,32.2,17.650000000000002,45,20.975925178564
29.5,13.5,5.9,37.1,21.5,46,21.00126442027665
25.7,18.5,5.4,38.8,22.099999999999998,47,21.02724019186463
25.7,16.5,3.1,39.1,21.1,48,21.053841753440473
35.1,8.0,3.2,39.9,21.55,49,21.081058421536955
24.6,19.2,6.2,37.6,21.900000000000002,50,21.108879569107128
31.2,6.3,4.3,33.2,18.75,51,21.13729462552429
31.0,12.1,6.1,37.0,21.55,52,21.166293076582008
34.9,8.5,4.1,39.3,21.7,53,21.1958644644941
27.8,7.8,6.3,29.3,17.8,54,21.225998387894656
24.8,19.9,4.3,40.4,22.349999999999998,55,21.256684501838006
25.8,15.7,4.7,36.8,20.75,56,21.28791251779876
26.7,13.7,5.1,35.3,20.2,57,21.319672203671775
27.4,11.3,5.3,33.4,19.349999999999998,58,21.351953383772166
25.8,20.8,7.1,39.5,23.3,59,21.384745938835316
28.4,12.6,7.4,33.6,20.5,60,21.418039806016868
24.6,2.9,2.9,24.6,13.75,61,21.451824978892706
25.4,9.1,2.3,32.2,17.25,62,21.486091507458998
27.9,8.1,3.8,32.2,18.0,63,21.52082949813215
27.6,13.7,7.2,34.1,20.650000000000002,64,21.55602911374885
26.9,7.1,5.2,28.8,17.0,65,21.591680573566023
25.5,2.4,2.4,25.5,13.95,66,21.627774153260866
25.6,18.9,6.8,37.7,22.25,67,21.66430018493083
23.9,17.5,6.6,34.8,20.7,68,21.70124905709363
27.0,17.7,7.4,37.3,22.349999999999998,69,21.73861121468724
29.1,16.6,6.4,39.3,22.849999999999998,70,21.776377159069888
25.6,12.9,6.6,31.9,19.25,71,21.81453744802006
25.9,18.0,5.2,38.7,21.950000000000003,72,21.853082695736518
34.2,16.3,6.2,44.3,25.25,73,21.892003572838266
28.4,21.3,6.7,43.0,24.85,74,21.93129080636457
34.5,2.7,2.4,34.8,18.599999999999998,75,21.97093517977496
36.6,2.5,2.5,36.6,19.55,76,22.01092753294922
30.0,16.9,5.2,41.7,23.450000000000003,77,22.051258762187405
34.4,12.2,5.5,41.1,23.3,78,22.091919820209817
31.8,10.7,3.6,38.9,21.25,79,22.13290171615702
36.3,29.4,8.1,57.6,32.85,80,22.174195515589837
36.1,16.8,5.1,47.8,26.45,81,22.215792340489358
35.1,30.2,8.8,56.5,32.65,82,22.257683369256924
35.6,12.5,5.4,42.7,24.05,83,22.299859836714134
32.4,26.3,4.1,54.6,29.35,84,22.34231303410285
39.1,16.6,3.4,52.3,27.849999999999998,85,22.385034309085206
34.6,26.0,6.3,54.3,30.299999999999997,86,22.42801506574357
36.9,2.4,2.4,36.9,19.65,87,22.471246764580584
38.2,10.9,4.0,45.1,24.55,88,22.514720922519153
36.7,8.5,1.8,43.4,22.599999999999998,89,22.558429112902434
37.4,15.6,4.0,49.0,26.5,90,22.602362965493842
38.5,14.5,5.7,47.3,26.5,91,22.64651416647706
34.7,14.8,5.6,43.9,24.75,92,22.69087445845602
39.6,18.5,4.6,53.5,29.05,93,22.73543564045492
39.1,21.7,8.0,52.8,30.4,94,22.780189567918217
40.2,20.2,7.2,53.2,30.200000000000003,95,22.825128152710626
34.9,19.5,6.6,47.8,27.2,96,22.87024336311712
35.5,17.0,3.0,49.5,26.25,97,22.91552722384293
34.5,11.7,3.6,42.6,23.1,98,22.960971816013554
36.8,15.2,5.5,46.5,26.0,99,23.006569277174744
33.3,17.0,4.3,46.0,25.15,100,23.05231180129251
35.6,14.3,5.0,44.9,24.95,101,23.09819163875312
37.0,15.4,4.4,48.0,26.2,102,23.144201096363116
40.3,5.1,3.4,42.0,22.7,103,23.190332537349274
34.9,3.9,3.4,35.4,19.4,104,23.23657838135865
34.8,6.9,1.9,39.8,20.849999999999998,105,23.282931104458555
27.7,23.2,5.7,45.2,25.450000000000003,106,23.32938323913655
28.2,10.2,3.1,35.3,19.2,107,23.37592737430047
30.1,18.7,4.3,44.5,24.4,108,23.422556155278393
33.2,6.1,1.5,37.8,19.65,109,23.469262283818672
28.0,9.8,2.1,35.7,18.900000000000002,110,23.51603851808991
40.7,1.1,1.1,40.7,20.900000000000002,111,23.56287767268097
36.9,12.8,3.9,45.8,24.849999999999998,112,23.609772618600978
38.6,17.1,4.1,51.6,27.85,113,23.656716283279316
34.9,10.1,3.8,41.2,22.5,114,23.703701650565627
36.7,17.3,6.8,47.2,27.0,115,23.750721760729814
29.1,19.7,6.8,42.0,24.4,116,23.79776971046204
40.5,6.2,4.2,42.5,23.35,117,23.844838652872717
32.5,17.0,6.3,43.2,24.75,118,23.891921797492536
37.5,13.6,6.1,45.0,25.55,119,23.939012410272433
40.1,14.2,5.6,48.7,27.150000000000002,120,23.9861038135836
35.6,15.7,6.2,45.1,25.650000000000002,121,24.033189386217504
35.5,19.3,5.2,49.6,27.400000000000002,122,24.08026256338586
34.6,25.7,7.1,53.2,30.150000000000002,123,24.127316836720638
37.2,16.0,7.7,45.5,26.6,124,24.174345754274086
37.6,18.3,3.7,52.2,27.950000000000003,125,24.22134292051869
34.5,10.0,3.8,40.7,22.25,126,24.268301996347212
42.6,24.9,7.7,59.8,33.75,127,24.31521669907266
34.3,14.9,4.5,44.7,24.6,128,24.36208080242831
45.1,15.3,14.5,45.9,30.2,129,24.408888136567693
39.6,9.9,2.8,46.7,24.75,130,24.455632588064606
31.2,14.7,6.6,39.3,22.95,131,24.502308099913098
37.7,16.0,4.7,49.0,26.85,132,24.548908671527478
38.9,13.7,5.2,47.4,26.3,133,24.595428358742318
35.8,14.6,7.0,43.4,25.2,134,24.641861273812445
23.8,36.7,6.7,53.8,30.25,135,24.688201585412955
25.1,23.0,6.8,41.3,24.049999999999997,136,24.73444351863919
29.8,17.6,2.8,44.6,23.7,137,24.78058135500676
25.2,20.1,4.9,40.4,22.65,138,24.826609432451527
24.6,22.5,4.3,42.8,23.549999999999997,139,24.872522145329626
25.3,26.6,6.5,45.4,25.95,140,24.918313944417438
22.4,19.4,3.9,37.9,20.9,141,24.963979336911606
28.1,23.5,5.4,46.2,25.8,142,25.009512886429036
24.9,24.1,4.2,44.8,24.5,143,25.054909213006894
24.7,25.8,5.9,44.6,25.25,144,25.100162993102604
35.9,25.4,3.9,57.4,30.65,145,25.145268959593846
35.7,18.2,1.4,52.5,26.95,146,25.19022190177856
24.7,18.7,4.0,39.4,21.7,147,25.23501666537495
26.0,19.1,4.3,40.8,22.549999999999997,148,25.279648152521474
27.7,21.3,5.9,43.1,24.5,149,25.324111321776854
25.8,14.2,3.9,36.1,20.0,150,25.368401188120068
25.2,12.4,2.2,35.4,18.8,151,25.412512822950355
25.6,26.4,7.5,44.5,26.0,152,25.456441354087215
26.6,17.7,6.0,38.3,22.15,153,25.500181965770402
24.2,14.1,3.2,35.1,19.150000000000002,154,25.543729898659933
22.3,15.3,3.6,34.0,18.8,155,25.587080449836083
24.0,14.7,4.5,34.2,19.35,156,25.63022897279939
23.2,19.8,4.2,38.8,21.5,157,25.67317087747065
23.2,19.3,5.9,36.6,21.25,158,25.71590163019091
27.5,22.5,6.5,43.5,25.0,159,25.75841675372149
25.3,18.2,6.8,36.7,21.75,160,25.800711827243962
24.3,22.4,7.4,39.3,23.349999999999998,161,25.842782486360154
29.4,17.0,6.0,40.4,23.2,162,25.88462442309216
24.8,14.1,3.8,35.1,19.45,163,25.92623338588233
25.0,19.0,6.1,37.9,22.0,164,25.967605179593274
24.1,15.2,3.7,35.6,19.650000000000002,165,26.008735665507864
24.2,19.5,6.0,37.7,21.85,166,26.049620761329223
23.7,22.3,7.1,38.9,23.0,167,26.090256441180745
24.8,29.1,9.9,44.0,26.95,168,26.130638735606073
25.2,20.6,7.8,38.0,22.9,169,26.170763731569117
28.6,21.4,7.4,42.6,25.0,170,26.210627572454044
24.1,18.3,6.5,35.9,21.2,171,26.250226458065274
25.3,18.7,6.7,37.3,22.0,172,26.2895566446275
24.1,20.1,5.0,39.2,22.1,173,26.328614444785657
22.8,31.1,8.2,45.7,26.950000000000003,174,26.367396227604953
24.0,21.3,4.9,40.4,22.65,175,26.405898418570853
20.6,31.1,5.9,45.8,25.849999999999998,176,26.444117499589076
22.2,41.0,9.2,54.0,31.6,177,26.482050008985603
32.6,21.1,2.9,50.8,26.849999999999998,178,26.51969254150668
24.1,17.6,5.0,36.7,20.85,179,26.5570417483188
35.8,10.5,4.6,41.7,23.150000000000002,180,26.594094337008727
34.8,16.4,6.2,45.0,25.6,181,26.630847071583478
34.7,20.0,8.3,46.4,27.35,182,26.667296772470337
27.3,21.6,5.0,43.9,24.45,183,26.703440316516833
24.4,28.4,8.2,44.6,26.4,184,26.739274636990768
34.9,13.6,4.2,44.3,24.25,185,26.7747967235802
35.9,13.7,6.6,43.0,24.8,186,26.810003622393438
35.0,9.7,7.3,37.4,22.349999999999998,187,26.844892435959064
36.0,6.8,6.3,36.5,21.4,188,26.87946032322591
35.5,13.8,9.0,40.3,24.65,189,26.913704499563067
34.5,6.3,4.3,36.5,20.4,190,26.94762223675989
33.7,16.9,9.9,40.7,25.3,191,26.981210863025996
34.3,10.6,6.2,38.7,22.450000000000003,192,27.01446776299125
34.2,6.7,6.1,34.8,20.45,193,27.047390377705785
35.9,7.0,3.1,39.8,21.45,194,27.079976204639994
33.2,23.9,8.4,48.7,28.55,195,27.112222797684524
32.6,5.3,3.6,34.3,18.95,196,27.144127767150284
33.8,14.6,7.5,40.9,24.2,197,27.175688779768443
36.5,14.0,5.6,44.9,25.25,198,27.20690355869043
35.2,17.7,9.5,43.4,26.45,199,27.237769883487935
35.4,15.1,4.1,46.4,25.25,200,27.2682855901529
35.5,26.0,8.4,53.1,30.75,201,27.29844857109753
34.0,28.3,9.9,52.4,31.15,202,27.328256775154294
35.2,4.9,2.7,37.4,20.05,203,27.357708207575914
36.1,13.2,9.8,39.5,24.65,204,27.386800930035378
34.9,15.8,7.9,42.8,25.349999999999998,205,27.415533060625922
32.6,23.5,9.5,46.6,28.05,206,27.443902773861055
34.6,24.8,10.0,49.4,29.7,207,27.47190830067454
33.8,27.7,10.6,50.9,30.75,208,27.49954792842039
36.4,12.8,8.1,41.1,24.6,209,27.526820000872892
34.1,16.4,5.1,45.4,25.25,210,27.553722918226587
34.0,27.7,12.7,49.0,30.85,211,27.58025513709627
33.9,21.1,9.1,45.9,27.5,212,27.606415170517003
35.3,19.9,10.0,45.2,27.6,213,27.632201587944103
36.0,26.6,2.8,59.8,31.299999999999997,214,27.657613015253148
34.2,36.3,9.6,60.9,35.25,215,27.682648134739974
37.7,29.3,6.2,60.8,33.5,216,27.707305685120676
35.6,20.8,4.3,52.1,28.2,217,27.73158446153161
35.3,27.2,8.4,54.1,31.25,218,27.755483315529393
32.8,11.9,5.3,39.4,22.349999999999998,219,27.7790011550909
36.0,27.5,8.0,55.5,31.75,220,27.80213694461326
35.4,19.3,6.3,48.4,27.349999999999998,221,27.82488970491387
35.9,31.6,10.4,57.1,33.75,222,27.84725851323038
34.1,23.3,7.4,50.0,28.7,223,27.869242503220697
35.7,22.5,6.2,52.0,29.1,224,27.890840864963003
36.2,32.3,9.5,59.0,34.25,225,27.91205284495572
30.7,32.3,7.4,55.6,31.5,226,27.932877746117537
33.9,34.0,8.5,59.4,33.95,227,27.95331492778741
33.4,25.1,10.2,48.3,29.25,228,27.97336380572454
33.7,15.7,5.0,44.4,24.7,229,27.993023852108397
41.1,13.6,4.0,50.7,27.35,230,28.01229459553871
41.6,17.9,4.8,54.7,29.75,231,28.031175621035462
31.9,33.6,10.2,55.3,32.75,232,28.0496665700389
40.9,24.4,6.2,59.1,32.65,233,28.067767140409536
39.1,26.6,6.4,59.3,32.85,234,28.08547708642812
39.9,28.4,11.1,57.2,34.15,235,28.10279621879569
35.3,16.8,4.7,47.4,26.05,236,28.119724404633516
40.4,34.0,6.9,67.5,37.2,237,28.136261567483153
37.8,17.3,5.8,49.3,27.549999999999997,238,28.152407687306393
31.0,27.5,6.8,51.7,29.25,239,28.1681628004853
41.6,28.2,8.5,61.3,34.9,240,28.1835269998222
44.0,28.7,9.2,63.5,36.35,241,28.198500434539664
42.4,18.9,6.8,54.5,30.65,242,28.21308331028054
39.4,21.8,7.9,53.3,30.599999999999998,243,28.227275889107915
31.5,27.7,11.4,47.8,29.599999999999998,244,28.241078489505156
30.4,12.1,5.1,37.4,21.25,245,28.25449148637588
40.9,13.5,6.2,48.2,27.200000000000003,246,28.26751531104396
49.0,29.2,9.7,68.5,39.1,247,28.280150451253533
49.2,18.6,7.3,60.5,33.9,248,28.292397451168995
40.9,24.6,8.4,57.1,32.75,249,28.304256911375003
40.9,20.4,7.7,53.6,30.650000000000002,250,28.315729488876464
40.9,31.5,10.3,62.1,36.2,251,28.326815897098555
40.8,27.3,7.9,60.2,34.050000000000004,252,28.337516905886712
42.3,20.6,6.9,56.0,31.45,253,28.34783334150662
41.6,15.7,6.8,50.5,28.65,254,28.357766086644236
33.0,18.7,5.6,46.1,25.85,255,28.36731608040577
41.5,22.7,6.3,57.9,32.1,256,28.37648431831769
37.2,8.8,1.6,44.4,23.0,257,28.385271852326728
32.7,16.7,7.4,42.0,24.7,258,28.39367979079987
34.1,8.4,1.9,40.6,21.25,259,28.401709298524363
40.4,0.7,0.7,40.4,20.55,260,28.40936159670772
33.4,15.4,5.8,43.0,24.4,261,28.416637962977703
33.9,11.7,4.9,40.7,22.8,262,28.423539731382338
41.7,12.2,1.6,52.3,26.95,263,28.43006829238991
35.2,15.9,5.3,45.8,25.549999999999997,264,28.436225092888968
41.2,12.0,3.7,49.5,26.6,265,28.442011636188315
40.7,22.4,7.5,55.6,31.55,266,28.44742948201701
41.3,15.1,4.2,52.2,28.200000000000003,267,28.45248024652438
41.8,24.1,6.2,59.7,32.95,268,28.457165602280007
39.8,8.3,1.6,46.5,24.05,269,28.461487278273733
40.0,16.5,3.1,53.4,28.25,270,28.465447059915654
46.0,14.4,6.4,54.0,30.2,271,28.46904678903614
42.7,21.2,6.8,57.1,31.95,272,28.4722883638858
42.8,20.1,8.9,54.0,31.45,273,28.475173739135514
38.9,25.8,7.0,57.7,32.35,274,28.477704925876427
42.1,18.5,7.0,53.6,30.3,275,28.479883991619936
35.2,27.2,5.6,56.8,31.2,276,28.481713060297693
41.8,27.9,7.4,62.3,34.85,277,28.483194312261617
41.3,30.1,6.2,65.2,35.7,278,28.48432998428388
37.9,34.5,6.4,66.0,36.2,279,28.485122369556922
41.0,18.4,2.2,57.2,29.700000000000003,280,28.48557381769344
42.8,8.7,4.0,47.5,25.75,281,28.48568673472638
40.3,15.9,3.2,53.0,28.1,282,28.485463583108956
41.7,25.5,6.1,61.1,33.6,283,28.484906881714643
42.3,29.4,8.4,63.3,35.85,284,28.484019205837175
43.2,31.8,7.8,67.2,37.5,285,28.48280318719054
41.5,13.2,5.7,49.0,27.35,286,28.481261513908986
39.4,32.7,7.8,64.3,36.05,287,28.47939693054703
42.8,13.2,5.1,50.9,28.0,288,28.477212238079435
43.6,12.1,5.8,49.9,27.849999999999998,289,28.474710293901232
42.3,17.1,4.5,54.9,29.7,290,28.471894011827708
51.7,16.0,5.3,62.4,33.85,291,28.46876636209441
50.9,11.0,3.5,58.4,30.95,292,28.465330371357147
41.7,14.9,3.3,53.3,28.299999999999997,293,28.46158912269198
41.6,21.2,6.2,56.6,31.400000000000002,294,28.457545755595238
41.6,13.3,4.7,50.2,27.450000000000003,295,28.453203465983506
43.0,1.2,1.2,43.0,22.1,296,28.448565506193624
42.5,24.4,7.0,59.9,33.45,297,28.4436351849827
43.2,18.1,6.8,54.5,30.65,298,28.438415867528093
42.6,13.1,3.8,51.9,27.849999999999998,299,28.43291097542743
41.5,2.7,2.6,41.6,22.1,300,28.427123986698582
44.4,19.3,7.1,56.6,31.85,301,28.421058435779702
41.7,15.3,4.2,52.8,28.5,302,28.414717913529184
42.1,16.7,7.3,51.5,29.4,303,28.408106067225685
44.0,15.8,7.3,52.5,29.9,304,28.401226600568126
43.7,13.7,5.0,52.4,28.7,305,28.39408327367569
45.5,15.2,5.8,54.9,30.349999999999998,306,28.386679903087806
45.4,7.4,2.2,50.6,26.400000000000002,307,28.379020361764177
46.0,14.7,4.2,56.5,30.35,308,28.371108579084755
45.4,14.8,9.7,50.5,30.1,309,28.362948540849757
46.9,10.9,6.6,51.2,28.900000000000002,310,28.35454428927966
44.5,12.6,5.6,51.5,28.55,311,28.345899923015192
43.3,8.9,3.0,49.2,26.1,312,28.337019597117354
32.4,13.0,4.9,40.5,22.7,313,28.327907523067395
41.0,6.0,1.5,45.5,23.5,314,28.318567968766825
44.6,9.5,6.3,47.8,27.049999999999997,315,28.30900525853742
36.5,9.9,4.0,42.4,23.2,316,28.29922377312121
33.9,18.8,4.8,47.9,26.349999999999998,317,28.289227949680484
39.9,11.4,4.2,47.1,25.650000000000002,318,28.27902228179779
38.7,17.8,4.6,51.9,28.25,319,28.268611319475937
34.4,17.3,3.7,48.0,25.85,320,28.257999669137998
34.9,11.4,4.2,42.1,23.150000000000002,321,28.247191993627297
32.0,8.6,2.7,37.9,20.3,322,28.236193012207423
37.3,28.7,9.1,56.9,33.0,323,28.225007500562217
35.3,14.2,3.4,46.1,24.75,324,28.21364029079579
35.3,25.6,9.1,51.8,30.45,325,28.202096271432506
24.7,33.7,6.3,52.1,29.2,326,28.19038038741699
35.1,21.7,8.4,48.4,28.4,327,28.178497640114124
36.9,11.4,3.7,44.6,24.150000000000002,328,28.16645308730905
33.5,20.0,8.7,44.8,26.75,329,28.154251843207174
30.7,28.2,4.7,54.2,29.450000000000003,330,28.141899078434154
35.0,18.8,7.1,46.7,26.900000000000002,331,28.12940002003591
31.7,18.0,7.5,42.2,24.85,332,28.116759951478627
31.5,22.8,5.0,49.3,27.15,333,28.103984212648747
32.0,3.0,2.0,33.0,17.5,334,28.091078199852962
31.6,4.2,2.7,33.1,17.900000000000002,335,28.078047365818232
25.8,16.3,6.7,35.4,21.05,336,28.06489721969178
25.2,9.6,3.3,31.5,17.4,337,28.051633327041074
40.2,1.9,0.4,41.7,21.05,338,28.038261309853862
35.6,12.3,2.1,45.8,23.95,339,28.02478684653813
42.9,5.7,3.5,45.1,24.3,340,28.011215671922137
32.5,16.8,6.3,43.0,24.65,341,27.9975535772544
41.4,16.7,5.3,52.8,29.049999999999997,342,27.98380641020369
46.2,6.6,4.6,48.2,26.400000000000002,343,27.96998007485904
32.1,19.5,5.4,46.2,25.8,344,27.956080531729743
34.3,9.5,4.0,39.8,21.9,345,27.942113797745353
43.8,8.0,3.4,48.4,25.9,346,27.928085946255678
37.3,7.6,2.4,42.5,22.45,347,27.91400310703079
43.2,18.1,9.7,51.6,30.65,348,27.899871466261022
41.3,9.7,2.7,48.3,25.5,349,27.88569726655696
41.5,18.5,5.3,54.7,30.0,350,27.871486806949452
43.9,15.5,8.2,51.2,29.700000000000003,351,27.857246442889608
41.3,4.2,2.4,43.1,22.75,352,27.842982586248795
44.6,9.0,4.6,49.0,26.8,353,27.82870170531864
40.9,11.6,3.8,48.7,26.25,354,27.814410324811025
42.8,8.1,7.1,43.8,25.45,355,27.800115025858105
42.4,11.1,7.3,46.2,26.75,356,27.785822446012272
40.1,11.4,6.9,44.6,25.75,357,27.771539279246202
40.3,9.9,0.5,49.7,25.1,358,27.75727227595281
42.6,17.6,5.1,55.1,30.1,359,27.743028242945286
40.3,20.3,5.4,55.2,30.3,360,27.728814043457067
41.7,17.7,3.5,55.9,29.7,361,27.714636597141855
41.1,25.9,4.8,62.2,33.5,362,27.70050288007361
41.9,10.6,3.7,48.8,26.25,363,27.686419924746556
47.5,13.5,3.2,57.8,30.5,364,27.672394820075173
48.4,24.0,8.7,63.7,36.2,365,27.658434711394193
43.6,31.2,10.9,63.9,37.4,366,27.64454680045862
48.2,20.2,6.2,62.2,34.2,367,27.63073834544371
50.7,24.2,6.9,68.0,37.45,368,27.617016660944984
37.0,29.5,8.3,58.2,33.25,369,27.60338911797821
49.9,25.5,6.5,68.9,37.7,370,27.58986314397943
45.7,11.3,4.3,52.7,28.5,371,27.576446222804936
42.6,20.5,5.7,57.4,31.55,372,27.563145894731285
43.6,2.3,1.3,44.6,22.95,373,27.549969756455287
42.3,23.0,8.5,56.8,32.65,374,27.536925461094018
38.7,12.6,4.3,47.0,25.65,375,27.524020718184808
42.5,10.7,1.1,52.1,26.6,376,27.511263293685253
48.5,9.0,6.4,51.1,28.75,377,27.4986610099732
42.8,14.7,4.2,53.3,28.75,378,27.486221745846763
42.8,12.0,4.5,50.3,27.4,379,27.473953436524308
34.7,17.1,6.3,45.5,25.9,380,27.461864073644463
31.0,23.3,5.0,49.3,27.15,381,27.449961705266123
40.2,9.0,5.2,44.0,24.6,382,27.43825443586843
41.4,12.0,5.2,48.2,26.700000000000003,383,27.426750426350793
43.2,21.1,6.9,57.4,32.15,384,27.41545789403288
43.7,9.4,2.8,50.3,26.549999999999997,385,27.404385112654612
41.8,18.9,9.9,50.8,30.349999999999998,386,27.393540412376183
43.6,10.8,4.6,49.8,27.2,387,27.382932179778027
40.5,17.7,4.1,54.1,29.1,388,27.372568857860855
50.0,14.1,7.6,56.5,32.05,389,27.362458946045628
43.3,16.0,8.1,51.2,29.650000000000002,390,27.35261100017357
43.7,10.9,3.9,50.7,27.3,391,27.34303363250616
41.9,9.9,3.6,48.2,25.900000000000002,392,27.333735511725145
44.9,12.3,5.6,51.6,28.6,393,27.32472536293252
51.6,13.0,6.9,57.7,32.300000000000004,394,27.316011967650542
45.0,17.2,4.5,57.7,31.1,395,27.30760416382174
45.5,5.2,1.9,48.8,25.349999999999998,396,27.299510845808886
47.6,7.8,2.1,53.3,27.7,397,27.29174096439502
55.3,15.1,6.8,63.6,35.2,398,27.28430352678344
44.4,6.6,4.2,46.8,25.5,399,27.2772075965977
43.3,12.3,4.0,51.6,27.8,400,27.27046229388162
44.6,15.3,7.2,52.7,29.950000000000003,401,27.264076795099275
34.3,6.7,3.7,37.3,20.5,402,27.258060333134996
42.2,11.3,5.2,48.3,26.75,403,27.25242219729338
50.0,15.1,5.7,59.4,32.55,404,27.24717173329928
43.5,14.4,6.1,51.8,28.95,405,27.242318343297807
43.0,9.6,5.4,47.2,26.3,406,27.237871485854335
43.0,10.5,4.0,49.5,26.75,407,27.233840675954493
44.3,13.1,5.3,52.1,28.7,408,27.230235485004176
45.0,2.9,2.6,45.3,23.95,409,27.227065540829532
35.0,4.6,3.8,35.8,19.799999999999997,410,27.224340527676972
34.4,8.3,3.7,39.0,21.35,411,27.222070186213163
35.3,8.5,5.4,38.4,21.9,412,27.220264313525036
33.7,9.8,3.9,39.6,21.75,413,27.21893276311977
36.6,15.3,6.6,45.3,25.95,414,27.218085444924824
35.0,12.5,4.2,43.3,23.75,415,27.217732325287898
34.8,3.9,2.2,36.5,19.35,416,27.217883426976957
34.0,3.4,3.4,34.0,18.7,417,27.218548829180225
33.0,5.8,5.3,33.5,19.4,418,27.219738667506192
34.2,24.5,7.3,51.4,29.349999999999998,419,27.221463133983598
32.3,17.3,7.0,42.6,24.8,420,27.223732477061446
33.1,19.1,6.7,45.5,26.1,421,27.226557001609
36.4,7.7,3.7,40.4,22.05,422,27.229947068915777
30.3,10.3,4.6,36.0,20.3,423,27.233913096691563
43.5,3.5,2.8,44.2,23.5,424,27.238465559066398
42.6,15.1,5.1,52.6,28.85,425,27.24361498659058
33.8,6.5,3.5,36.8,20.15,426,27.249371966234666
34.2,16.6,7.3,43.5,25.4,427,27.25574714138948
40.8,7.3,2.7,45.4,24.05,428,27.262751211866096
33.7,20.8,8.8,45.7,27.25,429,27.270394933895854
35.2,11.9,5.6,41.5,23.55,430,27.278689120130345
35.0,11.9,5.6,41.3,23.45,431,27.28764463964143
43.9,2.0,2.0,43.9,22.95,432,27.297272417921224
32.1,10.0,4.6,37.5,21.05,433,27.3075834368821
34.7,2.4,2.1,35.0,18.55,434,27.318588734856693
31.0,19.1,5.7,44.4,25.05,435,27.330299406597895
34.3,5.8,3.4,36.7,20.05,436,27.342726603278855
35.0,15.3,3.3,47.0,25.15,437,27.35588153249299
35.5,30.0,7.9,57.6,32.75,438,27.369775458253972
38.1,18.2,5.9,50.4,28.15,439,27.38441970099573
33.0,30.5,9.5,54.0,31.75,440,27.39982563757245
38.8,2.7,0.3,41.2,20.75,441,27.41600470125859
29.7,4.6,1.9,32.4,17.15,442,27.43296838174885
34.2,31.8,9.5,56.5,33.0,443,27.450728225158205
30.8,25.2,5.4,50.6,28.0,444,27.469295834021874
30.8,30.9,5.4,56.3,30.849999999999998,445,27.488682867295353
31.8,28.8,6.9,53.7,30.3,446,27.50890104035438
31.2,44.6,8.9,66.9,37.900000000000006,447,27.52996212499497
30.5,33.8,7.6,56.7,32.15,448,27.551877949433376
29.8,37.4,6.0,61.2,33.6,449,27.574660398306133
30.6,34.0,4.2,60.4,32.3,450,27.598321412670014
31.3,20.9,1.5,50.7,26.1,451,27.622872990002072
30.3,35.2,4.7,60.8,32.75,452,27.6483271841996
33.8,41.8,8.1,67.5,37.8,453,27.674696105580168
32.3,34.2,6.1,60.4,33.25,454,27.701991920881593
33.2,34.0,8.5,58.7,33.6,455,27.730226853261954
32.7,28.9,7.3,54.3,30.799999999999997,456,27.75941318229959
28.7,18.0,2.4,44.3,23.349999999999998,457,27.7895632439931
32.7,26.4,6.1,53.0,29.55,458,27.820689430761348
33.3,28.3,6.6,55.0,30.8,459,27.852804191443443
31.6,34.6,6.1,60.1,33.1,460,27.88592003129877
31.7,33.9,7.7,57.9,32.8,461,27.92004951200696
32.0,34.2,6.8,59.4,33.1,462,27.95520525166791
32.3,30.3,6.9,55.7,31.3,463,27.991399924801772
32.0,29.4,6.3,55.1,30.7,464,28.028646262348964
31.4,32.7,8.4,55.7,32.050000000000004,465,28.066957051670162
31.9,29.7,6.6,55.0,30.8,466,28.10634513654629
33.2,23.8,3.9,53.1,28.5,467,28.146823417178553
32.2,38.1,8.2,62.1,35.15,468,28.18840485018839
33.0,29.1,7.3,54.8,31.049999999999997,469,28.231102448617523
33.4,36.6,9.5,60.5,35.0,470,28.274929281927918
33.1,27.2,6.3,54.0,30.15,471,28.3198984760018
33.5,24.1,4.6,53.0,28.8,472,28.366023213141666
33.4,40.7,9.8,64.3,37.05,473,28.413316732070257
41.7,30.7,7.5,64.9,36.2,474,28.46179232793059
34.5,12.7,2.8,44.4,23.599999999999998,475,28.51146335228592
35.1,25.7,3.6,57.2,30.400000000000002,476,28.56234321311978
35.5,26.3,4.7,57.1,30.900000000000002,477,28.614445374835963
35.1,25.6,4.7,56.0,30.35,478,28.6677833582585
35.1,24.0,8.5,50.6,29.55,479,28.722370740631707
32.1,27.3,3.0,56.4,29.7,480,28.77822115562014
33.3,32.6,6.1,59.8,32.949999999999996,481,28.83534829330863
30.3,27.2,2.9,54.6,28.75,482,28.89376590020225
38.5,27.8,7.8,58.5,33.15,483,28.953487779226354
34.3,22.2,4.8,51.7,28.25,484,29.014527789726532
37.9,8.3,3.5,42.7,23.1,485,29.07689984746865
38.4,8.8,5.5,41.7,23.6,486,29.140617924638825
33.9,21.2,7.1,48.0,27.55,487,29.205696049843436
43.5,10.1,4.7,48.9,26.8,488,29.27214830810913
39.1,8.5,5.1,42.5,23.8,489,29.339988840882796
43.8,2.6,2.6,43.8,23.2,490,29.409231846031595
37.1,14.2,6.5,44.8,25.65,491,29.479891577842942
34.4,22.1,5.5,51.0,28.25,492,29.551982347024516
35.0,16.8,5.7,46.1,25.900000000000002,493,29.62551852070425
41.7,12.8,3.1,51.4,27.25,494,29.70051452243034
41.1,18.2,3.2,56.1,29.650000000000002,495,29.776984832171237
37.9,33.1,5.9,65.1,35.5,496,29.85494398631566
34.3,12.9,7.7,39.5,23.6,497,29.934406577672576
31.9,28.7,7.2,53.4,30.3,498,30.01538725547122
44.1,8.4,6.6,45.9,26.25,499,30.097900725361086
36.2,8.0,3.9,40.3,22.099999999999998,500,30.18196174941192
