episode,mean,stderr,upper,lower
0,0.0,0.0,0.0,0.0
1,0.0,0.0,0.0,0.0
2,0.0,0.0,0.0,0.0
3,0.0,0.0,0.0,0.0
4,0.0,0.0,0.0,0.0
5,0.0,0.0,0.0,0.0
6,0.0,0.0,0.0,0.0
7,0.0,0.0,0.0,0.0
8,0.0,0.0,0.0,0.0
9,0.0,0.0,0.0,0.0
10,0.0,0.0,0.0,0.0
11,0.0,0.0,0.0,0.0
12,0.0,0.0,0.0,0.0
13,0.0,0.0,0.0,0.0
14,0.0,0.0,0.0,0.0
15,0.0,0.0,0.0,0.0
16,0.0,0.0,0.0,0.0
17,0.0,0.0,0.0,0.0
18,0.0,0.0,0.0,0.0
19,0.0,0.0,0.0,0.0
20,0.0,0.0,0.0,0.0
21,0.0,0.0,0.0,0.0
22,0.0,0.0,0.0,0.0
23,0.0,0.0,0.0,0.0
24,0.0,0.0,0.0,0.0
25,0.0,0.0,0.0,0.0
26,0.0,0.0,0.0,0.0
27,0.0,0.0,0.0,0.0
28,0.0,0.0,0.0,0.0
29,0.0,0.0,0.0,0.0
30,0.0,0.0,0.0,0.0
31,0.0,0.0,0.0,0.0
32,0.0,0.0,0.0,0.0
33,0.0,0.0,0.0,0.0
34,0.0,0.0,0.0,0.0
35,0.0,0.0,0.0,0.0
36,0.0,0.0,0.0,0.0
37,0.0,0.0,0.0,0.0
38,0.0,0.0,0.0,0.0
39,0.0,0.0,0.0,0.0
40,0.0,0.0,0.0,0.0
41,0.0,0.0,0.0,0.0
42,0.0,0.0,0.0,0.0
43,0.0,0.0,0.0,0.0
44,0.0,0.0,0.0,0.0
45,0.0,0.0,0.0,0.0
46,0.0,0.0,0.0,0.0
47,0.0,0.0,0.0,0.0
48,0.0,0.0,0.0,0.0
49,0.0,0.0,0.0,0.0
50,0.0,0.0,0.0,0.0
51,0.0,0.0,0.0,0.0
52,0.0,0.0,0.0,0.0
53,0.0,0.0,0.0,0.0
54,0.0,0.0,0.0,0.0
55,0.0,0.0,0.0,0.0
56,0.0,0.0,0.0,0.0
57,0.0,0.0,0.0,0.0
58,0.0,0.0,0.0,0.0
59,0.0,0.0,0.0,0.0
60,0.0,0.0,0.0,0.0
61,0.0,0.0,0.0,0.0
62,0.0,0.0,0.0,0.0
63,0.0,0.0,0.0,0.0
64,0.0,0.0,0.0,0.0
65,0.0,0.0,0.0,0.0
66,0.0,0.0,0.0,0.0
67,0.2,0.20000000000000004,0.4,-2.7755575615628914e-17
68,0.2,0.20000000000000004,0.4,-2.7755575615628914e-17
69,0.2,0.20000000000000004,0.4,-2.7755575615628914e-17
70,0.2,0.20000000000000004,0.4,-2.7755575615628914e-17
71,0.2,0.20000000000000004,0.4,-2.7755575615628914e-17
72,0.2,0.20000000000000004,0.4,-2.7755575615628914e-17
73,0.2,0.20000000000000004,0.4,-2.7755575615628914e-17
74,0.2,0.20000000000000004,0.4,-2.7755575615628914e-17
75,0.2,0.20000000000000004,0.4,-2.7755575615628914e-17
76,0.2,0.20000000000000004,0.4,-2.7755575615628914e-17
77,0.2,0.20000000000000004,0.4,-2.7755575615628914e-17
78,0.2,0.20000000000000004,0.4,-2.7755575615628914e-17
79,0.2,0.20000000000000004,0.4,-2.7755575615628914e-17
80,0.2,0.20000000000000004,0.4,-2.7755575615628914e-17
81,0.2,0.20000000000000004,0.4,-2.7755575615628914e-17
82,0.2,0.20000000000000004,0.4,-2.7755575615628914e-17
83,0.2,0.20000000000000004,0.4,-2.7755575615628914e-17
84,0.2,0.20000000000000004,0.4,-2.7755575615628914e-17
85,0.2,0.20000000000000004,0.4,-2.7755575615628914e-17
86,0.2,0.20000000000000004,0.4,-2.7755575615628914e-17
87,0.2,0.20000000000000004,0.4,-2.7755575615628914e-17
88,0.2,0.20000000000000004,0.4,-2.7755575615628914e-17
89,0.2,0.20000000000000004,0.4,-2.7755575615628914e-17
90,0.2,0.20000000000000004,0.4,-2.7755575615628914e-17
91,0.2,0.20000000000000004,0.4,-2.7755575615628914e-17
92,0.2,0.20000000000000004,0.4,-2.7755575615628914e-17
93,0.2,0.20000000000000004,0.4,-2.7755575615628914e-17
94,0.2,0.20000000000000004,0.4,-2.7755575615628914e-17
95,0.2,0.20000000000000004,0.4,-2.7755575615628914e-17
96,0.2,0.20000000000000004,0.4,-2.7755575615628914e-17
97,0.2,0.20000000000000004,0.4,-2.7755575615628914e-17
98,0.2,0.20000000000000004,0.4,-2.7755575615628914e-17
99,0.2,0.20000000000000004,0.4,-2.7755575615628914e-17
100,0.2,0.20000000000000004,0.4,-2.7755575615628914e-17
101,0.2,0.20000000000000004,0.4,-2.7755575615628914e-17
102,0.2,0.20000000000000004,0.4,-2.7755575615628914e-17
103,0.2,0.20000000000000004,0.4,-2.7755575615628914e-17
104,0.2,0.20000000000000004,0.4,-2.7755575615628914e-17
105,0.2,0.20000000000000004,0.4,-2.7755575615628914e-17
106,0.2,0.20000000000000004,0.4,-2.7755575615628914e-17
107,0.2,0.20000000000000004,0.4,-2.7755575615628914e-17
108,0.2,0.20000000000000004,0.4,-2.7755575615628914e-17
109,0.2,0.20000000000000004,0.4,-2.7755575615628914e-17
110,0.2,0.20000000000000004,0.4,-2.7755575615628914e-17
111,0.2,0.20000000000000004,0.4,-2.7755575615628914e-17
112,0.2,0.20000000000000004,0.4,-2.7755575615628914e-17
113,0.2,0.20000000000000004,0.4,-2.7755575615628914e-17
114,0.2,0.20000000000000004,0.4,-2.7755575615628914e-17
115,0.2,0.20000000000000004,0.4,-2.7755575615628914e-17
116,0.2,0.20000000000000004,0.4,-2.7755575615628914e-17
117,0.2,0.20000000000000004,0.4,-2.7755575615628914e-17
118,0.2,0.20000000000000004,0.4,-2.7755575615628914e-17
119,0.2,0.20000000000000004,0.4,-2.7755575615628914e-17
120,0.2,0.20000000000000004,0.4,-2.7755575615628914e-17
121,0.2,0.20000000000000004,0.4,-2.7755575615628914e-17
122,0.2,0.20000000000000004,0.4,-2.7755575615628914e-17
123,0.2,0.20000000000000004,0.4,-2.7755575615628914e-17
124,0.2,0.20000000000000004,0.4,-2.7755575615628914e-17
125,0.2,0.20000000000000004,0.4,-2.7755575615628914e-17
126,0.2,0.20000000000000004,0.4,-2.7755575615628914e-17
127,0.2,0.20000000000000004,0.4,-2.7755575615628914e-17
128,0.2,0.20000000000000004,0.4,-2.7755575615628914e-17
129,0.2,0.20000000000000004,0.4,-2.7755575615628914e-17
130,0.2,0.20000000000000004,0.4,-2.7755575615628914e-17
131,0.2,0.20000000000000004,0.4,-2.7755575615628914e-17
132,0.2,0.20000000000000004,0.4,-2.7755575615628914e-17
133,0.2,0.20000000000000004,0.4,-2.7755575615628914e-17
134,0.2,0.20000000000000004,0.4,-2.7755575615628914e-17
135,0.2,0.20000000000000004,0.4,-2.7755575615628914e-17
136,0.2,0.20000000000000004,0.4,-2.7755575615628914e-17
137,0.2,0.20000000000000004,0.4,-2.7755575615628914e-17
138,0.2,0.20000000000000004,0.4,-2.7755575615628914e-17
139,0.2,0.20000000000000004,0.4,-2.7755575615628914e-17
140,0.2,0.20000000000000004,0.4,-2.7755575615628914e-17
141,0.2,0.20000000000000004,0.4,-2.7755575615628914e-17
142,0.2,0.20000000000000004,0.4,-2.7755575615628914e-17
143,0.2,0.20000000000000004,0.4,-2.7755575615628914e-17
144,0.2,0.20000000000000004,0.4,-2.7755575615628914e-17
145,0.2,0.20000000000000004,0.4,-2.7755575615628914e-17
146,0.2,0.20000000000000004,0.4,-2.7755575615628914e-17
147,0.2,0.20000000000000004,0.4,-2.7755575615628914e-17
148,0.2,0.20000000000000004,0.4,-2.7755575615628914e-17
149,0.2,0.20000000000000004,0.4,-2.7755575615628914e-17
150,0.2,0.20000000000000004,0.4,-2.7755575615628914e-17
151,0.2,0.20000000000000004,0.4,-2.7755575615628914e-17
152,0.2,0.20000000000000004,0.4,-2.7755575615628914e-17
153,0.2,0.20000000000000004,0.4,-2.7755575615628914e-17
154,0.2,0.20000000000000004,0.4,-2.7755575615628914e-17
155,0.2,0.20000000000000004,0.4,-2.7755575615628914e-17
156,0.2,0.20000000000000004,0.4,-2.7755575615628914e-17
157,0.2,0.20000000000000004,0.4,-2.7755575615628914e-17
158,0.2,0.20000000000000004,0.4,-2.7755575615628914e-17
159,0.2,0.20000000000000004,0.4,-2.7755575615628914e-17
160,0.2,0.20000000000000004,0.4,-2.7755575615628914e-17
161,0.2,0.20000000000000004,0.4,-2.7755575615628914e-17
162,0.2,0.20000000000000004,0.4,-2.7755575615628914e-17
163,0.2,0.20000000000000004,0.4,-2.7755575615628914e-17
164,0.2,0.20000000000000004,0.4,-2.7755575615628914e-17
165,0.2,0.20000000000000004,0.4,-2.7755575615628914e-17
166,0.2,0.20000000000000004,0.4,-2.7755575615628914e-17
167,0.2,0.20000000000000004,0.4,-2.7755575615628914e-17
168,0.2,0.20000000000000004,0.4,-2.7755575615628914e-17
169,0.2,0.20000000000000004,0.4,-2.7755575615628914e-17
170,0.2,0.20000000000000004,0.4,-2.7755575615628914e-17
171,0.2,0.20000000000000004,0.4,-2.7755575615628914e-17
172,0.2,0.20000000000000004,0.4,-2.7755575615628914e-17
173,0.2,0.20000000000000004,0.4,-2.7755575615628914e-17
174,0.2,0.20000000000000004,0.4,-2.7755575615628914e-17
175,0.2,0.20000000000000004,0.4,-2.7755575615628914e-17
176,0.2,0.20000000000000004,0.4,-2.7755575615628914e-17
177,0.2,0.20000000000000004,0.4,-2.7755575615628914e-17
178,0.2,0.20000000000000004,0.4,-2.7755575615628914e-17
179,0.2,0.20000000000000004,0.4,-2.7755575615628914e-17
180,0.2,0.20000000000000004,0.4,-2.7755575615628914e-17
181,0.2,0.20000000000000004,0.4,-2.7755575615628914e-17
182,0.2,0.20000000000000004,0.4,-2.7755575615628914e-17
183,0.2,0.20000000000000004,0.4,-2.7755575615628914e-17
184,0.2,0.20000000000000004,0.4,-2.7755575615628914e-17
185,0.2,0.20000000000000004,0.4,-2.7755575615628914e-17
186,0.2,0.20000000000000004,0.4,-2.7755575615628914e-17
187,0.2,0.20000000000000004,0.4,-2.7755575615628914e-17
188,0.2,0.20000000000000004,0.4,-2.7755575615628914e-17
189,0.2,0.20000000000000004,0.4,-2.7755575615628914e-17
190,0.2,0.20000000000000004,0.4,-2.7755575615628914e-17
191,0.2,0.20000000000000004,0.4,-2.7755575615628914e-17
192,0.2,0.20000000000000004,0.4,-2.7755575615628914e-17
193,0.2,0.20000000000000004,0.4,-2.7755575615628914e-17
194,0.2,0.20000000000000004,0.4,-2.7755575615628914e-17
195,0.2,0.20000000000000004,0.4,-2.7755575615628914e-17
196,0.2,0.20000000000000004,0.4,-2.7755575615628914e-17
197,0.2,0.20000000000000004,0.4,-2.7755575615628914e-17
198,0.2,0.20000000000000004,0.4,-2.7755575615628914e-17
199,0.2,0.20000000000000004,0.4,-2.7755575615628914e-17
200,0.2,0.20000000000000004,0.4,-2.7755575615628914e-17
201,0.2,0.20000000000000004,0.4,-2.7755575615628914e-17
202,0.2,0.20000000000000004,0.4,-2.7755575615628914e-17
203,0.2,0.20000000000000004,0.4,-2.7755575615628914e-17
204,0.2,0.20000000000000004,0.4,-2.7755575615628914e-17
205,0.2,0.20000000000000004,0.4,-2.7755575615628914e-17
206,0.2,0.20000000000000004,0.4,-2.7755575615628914e-17
207,0.2,0.20000000000000004,0.4,-2.7755575615628914e-17
208,0.2,0.20000000000000004,0.4,-2.7755575615628914e-17
209,0.2,0.20000000000000004,0.4,-2.7755575615628914e-17
210,0.2,0.20000000000000004,0.4,-2.7755575615628914e-17
211,0.2,0.20000000000000004,0.4,-2.7755575615628914e-17
212,0.2,0.20000000000000004,0.4,-2.7755575615628914e-17
213,0.2,0.20000000000000004,0.4,-2.7755575615628914e-17
214,0.2,0.20000000000000004,0.4,-2.7755575615628914e-17
215,0.2,0.20000000000000004,0.4,-2.7755575615628914e-17
216,0.2,0.20000000000000004,0.4,-2.7755575615628914e-17
217,0.2,0.20000000000000004,0.4,-2.7755575615628914e-17
218,0.2,0.20000000000000004,0.4,-2.7755575615628914e-17
219,0.2,0.20000000000000004,0.4,-2.7755575615628914e-17
220,0.2,0.20000000000000004,0.4,-2.7755575615628914e-17
221,0.2,0.20000000000000004,0.4,-2.7755575615628914e-17
222,0.2,0.20000000000000004,0.4,-2.7755575615628914e-17
223,0.2,0.20000000000000004,0.4,-2.7755575615628914e-17
224,0.2,0.20000000000000004,0.4,-2.7755575615628914e-17
225,0.2,0.20000000000000004,0.4,-2.7755575615628914e-17
226,0.2,0.20000000000000004,0.4,-2.7755575615628914e-17
227,0.2,0.20000000000000004,0.4,-2.7755575615628914e-17
228,0.2,0.20000000000000004,0.4,-2.7755575615628914e-17
229,0.2,0.20000000000000004,0.4,-2.7755575615628914e-17
230,0.2,0.20000000000000004,0.4,-2.7755575615628914e-17
231,0.2,0.20000000000000004,0.4,-2.7755575615628914e-17
232,0.2,0.20000000000000004,0.4,-2.7755575615628914e-17
233,0.2,0.20000000000000004,0.4,-2.7755575615628914e-17
234,0.2,0.20000000000000004,0.4,-2.7755575615628914e-17
235,0.2,0.20000000000000004,0.4,-2.7755575615628914e-17
236,0.2,0.20000000000000004,0.4,-2.7755575615628914e-17
237,0.2,0.20000000000000004,0.4,-2.7755575615628914e-17
238,0.2,0.20000000000000004,0.4,-2.7755575615628914e-17
239,0.2,0.20000000000000004,0.4,-2.7755575615628914e-17
240,0.2,0.20000000000000004,0.4,-2.7755575615628914e-17
241,0.2,0.20000000000000004,0.4,-2.7755575615628914e-17
242,0.2,0.20000000000000004,0.4,-2.7755575615628914e-17
243,0.2,0.20000000000000004,0.4,-2.7755575615628914e-17
244,0.2,0.20000000000000004,0.4,-2.7755575615628914e-17
245,0.2,0.20000000000000004,0.4,-2.7755575615628914e-17
246,0.2,0.20000000000000004,0.4,-2.7755575615628914e-17
247,0.2,0.20000000000000004,0.4,-2.7755575615628914e-17
248,0.2,0.20000000000000004,0.4,-2.7755575615628914e-17
249,0.2,0.20000000000000004,0.4,-2.7755575615628914e-17
250,0.2,0.20000000000000004,0.4,-2.7755575615628914e-17
251,0.2,0.20000000000000004,0.4,-2.7755575615628914e-17
252,0.2,0.20000000000000004,0.4,-2.7755575615628914e-17
253,0.2,0.20000000000000004,0.4,-2.7755575615628914e-17
254,0.2,0.20000000000000004,0.4,-2.7755575615628914e-17
255,0.2,0.20000000000000004,0.4,-2.7755575615628914e-17
256,0.2,0.20000000000000004,0.4,-2.7755575615628914e-17
257,0.2,0.20000000000000004,0.4,-2.7755575615628914e-17
258,0.2,0.20000000000000004,0.4,-2.7755575615628914e-17
259,0.2,0.20000000000000004,0.4,-2.7755575615628914e-17
260,0.2,0.20000000000000004,0.4,-2.7755575615628914e-17
261,0.2,0.20000000000000004,0.4,-2.7755575615628914e-17
262,0.2,0.20000000000000004,0.4,-2.7755575615628914e-17
263,0.2,0.20000000000000004,0.4,-2.7755575615628914e-17
264,0.2,0.20000000000000004,0.4,-2.7755575615628914e-17
265,0.2,0.20000000000000004,0.4,-2.7755575615628914e-17
266,0.2,0.20000000000000004,0.4,-2.7755575615628914e-17
267,0.2,0.20000000000000004,0.4,-2.7755575615628914e-17
268,0.2,0.20000000000000004,0.4,-2.7755575615628914e-17
269,0.2,0.20000000000000004,0.4,-2.7755575615628914e-17
270,0.2,0.20000000000000004,0.4,-2.7755575615628914e-17
271,0.2,0.20000000000000004,0.4,-2.7755575615628914e-17
272,0.2,0.20000000000000004,0.4,-2.7755575615628914e-17
273,0.2,0.20000000000000004,0.4,-2.7755575615628914e-17
274,0.2,0.20000000000000004,0.4,-2.7755575615628914e-17
275,0.2,0.20000000000000004,0.4,-2.7755575615628914e-17
276,0.2,0.20000000000000004,0.4,-2.7755575615628914e-17
277,0.2,0.20000000000000004,0.4,-2.7755575615628914e-17
278,0.2,0.20000000000000004,0.4,-2.7755575615628914e-17
279,0.2,0.20000000000000004,0.4,-2.7755575615628914e-17
280,0.2,0.20000000000000004,0.4,-2.7755575615628914e-17
281,0.2,0.20000000000000004,0.4,-2.7755575615628914e-17
282,0.2,0.20000000000000004,0.4,-2.7755575615628914e-17
283,0.2,0.20000000000000004,0.4,-2.7755575615628914e-17
284,0.2,0.20000000000000004,0.4,-2.7755575615628914e-17
285,0.2,0.20000000000000004,0.4,-2.7755575615628914e-17
286,0.2,0.20000000000000004,0.4,-2.7755575615628914e-17
287,0.2,0.20000000000000004,0.4,-2.7755575615628914e-17
288,0.2,0.20000000000000004,0.4,-2.7755575615628914e-17
289,0.2,0.20000000000000004,0.4,-2.7755575615628914e-17
290,0.2,0.20000000000000004,0.4,-2.7755575615628914e-17
291,0.2,0.20000000000000004,0.4,-2.7755575615628914e-17
292,0.2,0.20000000000000004,0.4,-2.7755575615628914e-17
293,0.2,0.20000000000000004,0.4,-2.7755575615628914e-17
294,0.2,0.20000000000000004,0.4,-2.7755575615628914e-17
295,0.2,0.20000000000000004,0.4,-2.7755575615628914e-17
296,0.2,0.20000000000000004,0.4,-2.7755575615628914e-17
297,0.2,0.20000000000000004,0.4,-2.7755575615628914e-17
298,0.2,0.20000000000000004,0.4,-2.7755575615628914e-17
299,0.2,0.20000000000000004,0.4,-2.7755575615628914e-17
300,0.2,0.20000000000000004,0.4,-2.7755575615628914e-17
301,0.2,0.20000000000000004,0.4,-2.7755575615628914e-17
302,0.2,0.20000000000000004,0.4,-2.7755575615628914e-17
303,0.2,0.20000000000000004,0.4,-2.7755575615628914e-17
304,0.2,0.20000000000000004,0.4,-2.7755575615628914e-17
305,0.2,0.20000000000000004,0.4,-2.7755575615628914e-17
306,0.2,0.20000000000000004,0.4,-2.7755575615628914e-17
307,0.2,0.20000000000000004,0.4,-2.7755575615628914e-17
308,0.2,0.20000000000000004,0.4,-2.7755575615628914e-17
309,0.2,0.20000000000000004,0.4,-2.7755575615628914e-17
310,0.2,0.20000000000000004,0.4,-2.7755575615628914e-17
311,0.2,0.20000000000000004,0.4,-2.7755575615628914e-17
312,0.2,0.20000000000000004,0.4,-2.7755575615628914e-17
313,0.2,0.20000000000000004,0.4,-2.7755575615628914e-17
314,0.2,0.20000000000000004,0.4,-2.7755575615628914e-17
315,0.2,0.20000000000000004,0.4,-2.7755575615628914e-17
316,0.2,0.20000000000000004,0.4,-2.7755575615628914e-17
317,0.2,0.20000000000000004,0.4,-2.7755575615628914e-17
318,0.2,0.20000000000000004,0.4,-2.7755575615628914e-17
319,0.2,0.20000000000000004,0.4,-2.7755575615628914e-17
320,0.2,0.20000000000000004,0.4,-2.7755575615628914e-17
321,0.2,0.20000000000000004,0.4,-2.7755575615628914e-17
322,0.2,0.20000000000000004,0.4,-2.7755575615628914e-17
323,0.2,0.20000000000000004,0.4,-2.7755575615628914e-17
324,0.2,0.20000000000000004,0.4,-2.7755575615628914e-17
325,0.2,0.20000000000000004,0.4,-2.7755575615628914e-17
326,0.2,0.20000000000000004,0.4,-2.7755575615628914e-17
327,0.2,0.20000000000000004,0.4,-2.7755575615628914e-17
328,0.2,0.20000000000000004,0.4,-2.7755575615628914e-17
329,0.2,0.20000000000000004,0.4,-2.7755575615628914e-17
330,0.2,0.20000000000000004,0.4,-2.7755575615628914e-17
331,0.2,0.20000000000000004,0.4,-2.7755575615628914e-17
332,0.2,0.20000000000000004,0.4,-2.7755575615628914e-17
333,0.2,0.20000000000000004,0.4,-2.7755575615628914e-17
334,0.2,0.20000000000000004,0.4,-2.7755575615628914e-17
335,0.2,0.20000000000000004,0.4,-2.7755575615628914e-17
336,0.2,0.20000000000000004,0.4,-2.7755575615628914e-17
337,0.2,0.20000000000000004,0.4,-2.7755575615628914e-17
338,0.2,0.20000000000000004,0.4,-2.7755575615628914e-17
339,0.2,0.20000000000000004,0.4,-2.7755575615628914e-17
340,0.2,0.20000000000000004,0.4,-2.7755575615628914e-17
341,0.2,0.20000000000000004,0.4,-2.7755575615628914e-17
342,0.2,0.20000000000000004,0.4,-2.7755575615628914e-17
343,0.2,0.20000000000000004,0.4,-2.7755575615628914e-17
344,0.2,0.20000000000000004,0.4,-2.7755575615628914e-17
345,0.2,0.20000000000000004,0.4,-2.7755575615628914e-17
346,0.2,0.20000000000000004,0.4,-2.7755575615628914e-17
347,0.2,0.20000000000000004,0.4,-2.7755575615628914e-17
348,0.2,0.20000000000000004,0.4,-2.7755575615628914e-17
349,0.2,0.20000000000000004,0.4,-2.7755575615628914e-17
350,0.2,0.20000000000000004,0.4,-2.7755575615628914e-17
351,0.2,0.20000000000000004,0.4,-2.7755575615628914e-17
352,0.2,0.20000000000000004,0.4,-2.7755575615628914e-17
353,0.2,0.20000000000000004,0.4,-2.7755575615628914e-17
354,0.2,0.20000000000000004,0.4,-2.7755575615628914e-17
355,0.2,0.20000000000000004,0.4,-2.7755575615628914e-17
356,0.2,0.20000000000000004,0.4,-2.7755575615628914e-17
357,0.2,0.20000000000000004,0.4,-2.7755575615628914e-17
358,0.2,0.20000000000000004,0.4,-2.7755575615628914e-17
359,0.2,0.20000000000000004,0.4,-2.7755575615628914e-17
360,0.2,0.20000000000000004,0.4,-2.7755575615628914e-17
361,0.2,0.20000000000000004,0.4,-2.7755575615628914e-17
362,0.2,0.20000000000000004,0.4,-2.7755575615628914e-17
363,0.2,0.20000000000000004,0.4,-2.7755575615628914e-17
364,0.2,0.20000000000000004,0.4,-2.7755575615628914e-17
365,0.2,0.20000000000000004,0.4,-2.7755575615628914e-17
366,0.2,0.20000000000000004,0.4,-2.7755575615628914e-17
367,0.2,0.20000000000000004,0.4,-2.7755575615628914e-17
368,0.2,0.20000000000000004,0.4,-2.7755575615628914e-17
369,0.2,0.20000000000000004,0.4,-2.7755575615628914e-17
370,0.2,0.20000000000000004,0.4,-2.7755575615628914e-17
371,0.2,0.20000000000000004,0.4,-2.7755575615628914e-17
372,0.2,0.20000000000000004,0.4,-2.7755575615628914e-17
373,0.2,0.20000000000000004,0.4,-2.7755575615628914e-17
374,0.2,0.20000000000000004,0.4,-2.7755575615628914e-17
375,0.2,0.20000000000000004,0.4,-2.7755575615628914e-17
376,0.2,0.20000000000000004,0.4,-2.7755575615628914e-17
377,0.2,0.20000000000000004,0.4,-2.7755575615628914e-17
378,0.2,0.20000000000000004,0.4,-2.7755575615628914e-17
379,0.2,0.20000000000000004,0.4,-2.7755575615628914e-17
380,0.2,0.20000000000000004,0.4,-2.7755575615628914e-17
381,0.2,0.20000000000000004,0.4,-2.7755575615628914e-17
382,0.2,0.20000000000000004,0.4,-2.7755575615628914e-17
383,0.2,0.20000000000000004,0.4,-2.7755575615628914e-17
384,0.2,0.20000000000000004,0.4,-2.7755575615628914e-17
385,0.2,0.20000000000000004,0.4,-2.7755575615628914e-17
386,0.2,0.20000000000000004,0.4,-2.7755575615628914e-17
387,0.2,0.20000000000000004,0.4,-2.7755575615628914e-17
388,0.2,0.20000000000000004,0.4,-2.7755575615628914e-17
389,0.2,0.20000000000000004,0.4,-2.7755575615628914e-17
390,0.2,0.20000000000000004,0.4,-2.7755575615628914e-17
391,0.2,0.20000000000000004,0.4,-2.7755575615628914e-17
392,0.2,0.20000000000000004,0.4,-2.7755575615628914e-17
393,0.2,0.20000000000000004,0.4,-2.7755575615628914e-17
394,0.2,0.20000000000000004,0.4,-2.7755575615628914e-17
395,0.2,0.20000000000000004,0.4,-2.7755575615628914e-17
396,0.2,0.20000000000000004,0.4,-2.7755575615628914e-17
397,0.2,0.20000000000000004,0.4,-2.7755575615628914e-17
398,0.2,0.20000000000000004,0.4,-2.7755575615628914e-17
399,0.2,0.20000000000000004,0.4,-2.7755575615628914e-17
400,0.2,0.20000000000000004,0.4,-2.7755575615628914e-17
401,0.2,0.20000000000000004,0.4,-2.7755575615628914e-17
402,0.2,0.20000000000000004,0.4,-2.7755575615628914e-17
403,0.2,0.20000000000000004,0.4,-2.7755575615628914e-17
404,0.2,0.20000000000000004,0.4,-2.7755575615628914e-17
405,0.2,0.20000000000000004,0.4,-2.7755575615628914e-17
406,0.2,0.20000000000000004,0.4,-2.7755575615628914e-17
407,0.2,0.20000000000000004,0.4,-2.7755575615628914e-17
408,0.2,0.20000000000000004,0.4,-2.7755575615628914e-17
409,0.2,0.20000000000000004,0.4,-2.7755575615628914e-17
410,0.2,0.20000000000000004,0.4,-2.7755575615628914e-17
411,0.2,0.20000000000000004,0.4,-2.7755575615628914e-17
412,0.2,0.20000000000000004,0.4,-2.7755575615628914e-17
413,0.2,0.20000000000000004,0.4,-2.7755575615628914e-17
414,0.2,0.20000000000000004,0.4,-2.7755575615628914e-17
415,0.2,0.20000000000000004,0.4,-2.7755575615628914e-17
416,0.2,0.20000000000000004,0.4,-2.7755575615628914e-17
417,0.2,0.20000000000000004,0.4,-2.7755575615628914e-17
418,0.2,0.20000000000000004,0.4,-2.7755575615628914e-17
419,0.2,0.20000000000000004,0.4,-2.7755575615628914e-17
420,0.2,0.20000000000000004,0.4,-2.7755575615628914e-17
421,0.2,0.20000000000000004,0.4,-2.7755575615628914e-17
422,0.2,0.20000000000000004,0.4,-2.7755575615628914e-17
423,0.2,0.20000000000000004,0.4,-2.7755575615628914e-17
424,0.2,0.20000000000000004,0.4,-2.7755575615628914e-17
425,0.2,0.20000000000000004,0.4,-2.7755575615628914e-17
426,0.2,0.20000000000000004,0.4,-2.7755575615628914e-17
427,0.2,0.20000000000000004,0.4,-2.7755575615628914e-17
428,0.2,0.20000000000000004,0.4,-2.7755575615628914e-17
429,0.2,0.20000000000000004,0.4,-2.7755575615628914e-17
430,0.2,0.20000000000000004,0.4,-2.7755575615628914e-17
431,0.2,0.20000000000000004,0.4,-2.7755575615628914e-17
432,0.2,0.20000000000000004,0.4,-2.7755575615628914e-17
433,0.2,0.20000000000000004,0.4,-2.7755575615628914e-17
434,0.2,0.20000000000000004,0.4,-2.7755575615628914e-17
435,0.2,0.20000000000000004,0.4,-2.7755575615628914e-17
436,0.2,0.20000000000000004,0.4,-2.7755575615628914e-17
437,0.2,0.20000000000000004,0.4,-2.7755575615628914e-17
438,0.2,0.20000000000000004,0.4,-2.7755575615628914e-17
439,0.2,0.20000000000000004,0.4,-2.7755575615628914e-17
440,0.2,0.20000000000000004,0.4,-2.7755575615628914e-17
441,0.2,0.20000000000000004,0.4,-2.7755575615628914e-17
442,0.2,0.20000000000000004,0.4,-2.7755575615628914e-17
443,0.2,0.20000000000000004,0.4,-2.7755575615628914e-17
444,0.2,0.20000000000000004,0.4,-2.7755575615628914e-17
445,0.2,0.20000000000000004,0.4,-2.7755575615628914e-17
446,0.2,0.20000000000000004,0.4,-2.7755575615628914e-17
447,0.2,0.20000000000000004,0.4,-2.7755575615628914e-17
448,0.2,0.20000000000000004,0.4,-2.7755575615628914e-17
449,0.2,0.20000000000000004,0.4,-2.7755575615628914e-17
450,0.2,0.20000000000000004,0.4,-2.7755575615628914e-17
451,0.2,0.20000000000000004,0.4,-2.7755575615628914e-17
452,0.2,0.20000000000000004,0.4,-2.7755575615628914e-17
453,0.2,0.20000000000000004,0.4,-2.7755575615628914e-17
454,0.2,0.20000000000000004,0.4,-2.7755575615628914e-17
455,0.2,0.20000000000000004,0.4,-2.7755575615628914e-17
456,0.2,0.20000000000000004,0.4,-2.7755575615628914e-17
457,0.2,0.20000000000000004,0.4,-2.7755575615628914e-17
458,0.2,0.20000000000000004,0.4,-2.7755575615628914e-17
459,0.2,0.20000000000000004,0.4,-2.7755575615628914e-17
460,0.2,0.20000000000000004,0.4,-2.7755575615628914e-17
461,0.2,0.20000000000000004,0.4,-2.7755575615628914e-17
462,0.2,0.20000000000000004,0.4,-2.7755575615628914e-17
463,0.2,0.20000000000000004,0.4,-2.7755575615628914e-17
464,0.2,0.20000000000000004,0.4,-2.7755575615628914e-17
465,0.2,0.20000000000000004,0.4,-2.7755575615628914e-17
466,0.2,0.20000000000000004,0.4,-2.7755575615628914e-17
467,0.2,0.20000000000000004,0.4,-2.7755575615628914e-17
468,0.2,0.20000000000000004,0.4,-2.7755575615628914e-17
469,0.2,0.20000000000000004,0.4,-2.7755575615628914e-17
470,0.2,0.20000000000000004,0.4,-2.7755575615628914e-17
471,0.2,0.20000000000000004,0.4,-2.7755575615628914e-17
472,0.2,0.20000000000000004,0.4,-2.7755575615628914e-17
473,0.2,0.20000000000000004,0.4,-2.7755575615628914e-17
474,0.2,0.20000000000000004,0.4,-2.7755575615628914e-17
475,0.2,0.20000000000000004,0.4,-2.7755575615628914e-17
476,0.2,0.20000000000000004,0.4,-2.7755575615628914e-17
477,0.2,0.20000000000000004,0.4,-2.7755575615628914e-17
478,0.2,0.20000000000000004,0.4,-2.7755575615628914e-17
479,0.2,0.20000000000000004,0.4,-2.7755575615628914e-17
480,0.2,0.20000000000000004,0.4,-2.7755575615628914e-17
481,0.2,0.20000000000000004,0.4,-2.7755575615628914e-17
482,0.2,0.20000000000000004,0.4,-2.7755575615628914e-17
483,0.2,0.20000000000000004,0.4,-2.7755575615628914e-17
484,0.2,0.20000000000000004,0.4,-2.7755575615628914e-17
485,0.2,0.20000000000000004,0.4,-2.7755575615628914e-17
486,0.2,0.20000000000000004,0.4,-2.7755575615628914e-17
487,0.2,0.20000000000000004,0.4,-2.7755575615628914e-17
488,0.2,0.20000000000000004,0.4,-2.7755575615628914e-17
489,0.2,0.20000000000000004,0.4,-2.7755575615628914e-17
490,0.2,0.20000000000000004,0.4,-2.7755575615628914e-17
491,0.2,0.20000000000000004,0.4,-2.7755575615628914e-17
492,0.2,0.20000000000000004,0.4,-2.7755575615628914e-17
493,0.2,0.20000000000000004,0.4,-2.7755575615628914e-17
494,0.2,0.20000000000000004,0.4,-2.7755575615628914e-17
495,0.2,0.20000000000000004,0.4,-2.7755575615628914e-17
496,0.2,0.20000000000000004,0.4,-2.7755575615628914e-17
497,0.2,0.20000000000000004,0.4,-2.7755575615628914e-17
498,0.2,0.20000000000000004,0.4,-2.7755575615628914e-17
499,0.2,0.20000000000000004,0.4,-2.7755575615628914e-17
500,0.2,0.20000000000000004,0.4,-2.7755575615628914e-17
501,0.2,0.20000000000000004,0.4,-2.7755575615628914e-17
502,0.2,0.20000000000000004,0.4,-2.7755575615628914e-17
503,0.2,0.20000000000000004,0.4,-2.7755575615628914e-17
504,0.2,0.20000000000000004,0.4,-2.7755575615628914e-17
505,0.2,0.20000000000000004,0.4,-2.7755575615628914e-17
506,0.2,0.20000000000000004,0.4,-2.7755575615628914e-17
507,0.2,0.20000000000000004,0.4,-2.7755575615628914e-17
508,0.2,0.20000000000000004,0.4,-2.7755575615628914e-17
509,0.2,0.20000000000000004,0.4,-2.7755575615628914e-17
510,0.2,0.20000000000000004,0.4,-2.7755575615628914e-17
511,0.2,0.20000000000000004,0.4,-2.7755575615628914e-17
512,0.2,0.20000000000000004,0.4,-2.7755575615628914e-17
513,0.2,0.20000000000000004,0.4,-2.7755575615628914e-17
514,0.2,0.20000000000000004,0.4,-2.7755575615628914e-17
515,0.2,0.20000000000000004,0.4,-2.7755575615628914e-17
516,0.2,0.20000000000000004,0.4,-2.7755575615628914e-17
517,0.2,0.20000000000000004,0.4,-2.7755575615628914e-17
518,0.2,0.20000000000000004,0.4,-2.7755575615628914e-17
519,0.2,0.20000000000000004,0.4,-2.7755575615628914e-17
520,0.2,0.20000000000000004,0.4,-2.7755575615628914e-17
521,0.2,0.20000000000000004,0.4,-2.7755575615628914e-17
522,0.2,0.20000000000000004,0.4,-2.7755575615628914e-17
523,0.2,0.20000000000000004,0.4,-2.7755575615628914e-17
524,0.2,0.20000000000000004,0.4,-2.7755575615628914e-17
525,0.2,0.20000000000000004,0.4,-2.7755575615628914e-17
526,0.2,0.20000000000000004,0.4,-2.7755575615628914e-17
527,0.2,0.20000000000000004,0.4,-2.7755575615628914e-17
528,0.2,0.20000000000000004,0.4,-2.7755575615628914e-17
529,0.2,0.20000000000000004,0.4,-2.7755575615628914e-17
530,0.2,0.20000000000000004,0.4,-2.7755575615628914e-17
531,0.2,0.20000000000000004,0.4,-2.7755575615628914e-17
532,0.2,0.20000000000000004,0.4,-2.7755575615628914e-17
533,0.2,0.20000000000000004,0.4,-2.7755575615628914e-17
534,0.2,0.20000000000000004,0.4,-2.7755575615628914e-17
535,0.2,0.20000000000000004,0.4,-2.7755575615628914e-17
536,0.2,0.20000000000000004,0.4,-2.7755575615628914e-17
537,0.2,0.20000000000000004,0.4,-2.7755575615628914e-17
538,0.2,0.20000000000000004,0.4,-2.7755575615628914e-17
539,0.2,0.20000000000000004,0.4,-2.7755575615628914e-17
540,0.2,0.20000000000000004,0.4,-2.7755575615628914e-17
541,0.2,0.20000000000000004,0.4,-2.7755575615628914e-17
542,0.2,0.20000000000000004,0.4,-2.7755575615628914e-17
543,0.2,0.20000000000000004,0.4,-2.7755575615628914e-17
544,0.2,0.20000000000000004,0.4,-2.7755575615628914e-17
545,0.2,0.20000000000000004,0.4,-2.7755575615628914e-17
546,0.2,0.20000000000000004,0.4,-2.7755575615628914e-17
547,0.2,0.20000000000000004,0.4,-2.7755575615628914e-17
548,0.2,0.20000000000000004,0.4,-2.7755575615628914e-17
549,0.2,0.20000000000000004,0.4,-2.7755575615628914e-17
550,0.2,0.20000000000000004,0.4,-2.7755575615628914e-17
551,0.2,0.20000000000000004,0.4,-2.7755575615628914e-17
552,0.2,0.20000000000000004,0.4,-2.7755575615628914e-17
553,0.2,0.20000000000000004,0.4,-2.7755575615628914e-17
554,0.2,0.20000000000000004,0.4,-2.7755575615628914e-17
555,0.2,0.20000000000000004,0.4,-2.7755575615628914e-17
556,0.2,0.20000000000000004,0.4,-2.7755575615628914e-17
557,0.2,0.20000000000000004,0.4,-2.7755575615628914e-17
558,0.2,0.20000000000000004,0.4,-2.7755575615628914e-17
559,0.2,0.20000000000000004,0.4,-2.7755575615628914e-17
560,0.2,0.20000000000000004,0.4,-2.7755575615628914e-17
561,0.2,0.20000000000000004,0.4,-2.7755575615628914e-17
562,0.2,0.20000000000000004,0.4,-2.7755575615628914e-17
563,0.2,0.20000000000000004,0.4,-2.7755575615628914e-17
564,0.2,0.20000000000000004,0.4,-2.7755575615628914e-17
565,0.2,0.20000000000000004,0.4,-2.7755575615628914e-17
566,0.2,0.20000000000000004,0.4,-2.7755575615628914e-17
567,0.2,0.20000000000000004,0.4,-2.7755575615628914e-17
568,0.2,0.20000000000000004,0.4,-2.7755575615628914e-17
569,0.2,0.20000000000000004,0.4,-2.7755575615628914e-17
570,0.2,0.20000000000000004,0.4,-2.7755575615628914e-17
571,0.2,0.20000000000000004,0.4,-2.7755575615628914e-17
572,0.2,0.20000000000000004,0.4,-2.7755575615628914e-17
573,0.2,0.20000000000000004,0.4,-2.7755575615628914e-17
574,0.2,0.20000000000000004,0.4,-2.7755575615628914e-17
575,0.2,0.20000000000000004,0.4,-2.7755575615628914e-17
576,0.2,0.20000000000000004,0.4,-2.7755575615628914e-17
577,0.2,0.20000000000000004,0.4,-2.7755575615628914e-17
578,0.2,0.20000000000000004,0.4,-2.7755575615628914e-17
579,0.2,0.20000000000000004,0.4,-2.7755575615628914e-17
580,0.2,0.20000000000000004,0.4,-2.7755575615628914e-17
581,0.2,0.20000000000000004,0.4,-2.7755575615628914e-17
582,0.2,0.20000000000000004,0.4,-2.7755575615628914e-17
583,0.2,0.20000000000000004,0.4,-2.7755575615628914e-17
584,0.2,0.20000000000000004,0.4,-2.7755575615628914e-17
585,0.2,0.20000000000000004,0.4,-2.7755575615628914e-17
586,0.2,0.20000000000000004,0.4,-2.7755575615628914e-17
587,0.2,0.20000000000000004,0.4,-2.7755575615628914e-17
588,0.2,0.20000000000000004,0.4,-2.7755575615628914e-17
589,0.2,0.20000000000000004,0.4,-2.7755575615628914e-17
590,0.2,0.20000000000000004,0.4,-2.7755575615628914e-17
591,0.2,0.20000000000000004,0.4,-2.7755575615628914e-17
592,0.2,0.20000000000000004,0.4,-2.7755575615628914e-17
593,0.2,0.20000000000000004,0.4,-2.7755575615628914e-17
594,0.2,0.20000000000000004,0.4,-2.7755575615628914e-17
595,0.2,0.20000000000000004,0.4,-2.7755575615628914e-17
596,0.2,0.20000000000000004,0.4,-2.7755575615628914e-17
597,0.2,0.20000000000000004,0.4,-2.7755575615628914e-17
598,0.2,0.20000000000000004,0.4,-2.7755575615628914e-17
599,0.2,0.20000000000000004,0.4,-2.7755575615628914e-17
600,0.2,0.20000000000000004,0.4,-2.7755575615628914e-17
601,0.2,0.20000000000000004,0.4,-2.7755575615628914e-17
602,0.2,0.20000000000000004,0.4,-2.7755575615628914e-17
603,0.2,0.20000000000000004,0.4,-2.7755575615628914e-17
604,0.2,0.20000000000000004,0.4,-2.7755575615628914e-17
605,0.2,0.20000000000000004,0.4,-2.7755575615628914e-17
606,0.2,0.20000000000000004,0.4,-2.7755575615628914e-17
607,0.2,0.20000000000000004,0.4,-2.7755575615628914e-17
608,0.2,0.20000000000000004,0.4,-2.7755575615628914e-17
609,0.2,0.20000000000000004,0.4,-2.7755575615628914e-17
610,0.2,0.20000000000000004,0.4,-2.7755575615628914e-17
611,0.2,0.20000000000000004,0.4,-2.7755575615628914e-17
612,0.2,0.20000000000000004,0.4,-2.7755575615628914e-17
613,0.2,0.20000000000000004,0.4,-2.7755575615628914e-17
614,0.2,0.20000000000000004,0.4,-2.7755575615628914e-17
615,0.2,0.20000000000000004,0.4,-2.7755575615628914e-17
616,0.2,0.20000000000000004,0.4,-2.7755575615628914e-17
617,0.2,0.20000000000000004,0.4,-2.7755575615628914e-17
618,0.2,0.20000000000000004,0.4,-2.7755575615628914e-17
619,0.2,0.20000000000000004,0.4,-2.7755575615628914e-17
620,0.2,0.20000000000000004,0.4,-2.7755575615628914e-17
621,0.2,0.20000000000000004,0.4,-2.7755575615628914e-17
622,0.2,0.20000000000000004,0.4,-2.7755575615628914e-17
623,0.2,0.20000000000000004,0.4,-2.7755575615628914e-17
624,0.2,0.20000000000000004,0.4,-2.7755575615628914e-17
625,0.2,0.20000000000000004,0.4,-2.7755575615628914e-17
626,0.2,0.20000000000000004,0.4,-2.7755575615628914e-17
627,0.2,0.20000000000000004,0.4,-2.7755575615628914e-17
628,0.2,0.20000000000000004,0.4,-2.7755575615628914e-17
629,0.2,0.20000000000000004,0.4,-2.7755575615628914e-17
630,0.2,0.20000000000000004,0.4,-2.7755575615628914e-17
631,0.2,0.20000000000000004,0.4,-2.7755575615628914e-17
632,0.2,0.20000000000000004,0.4,-2.7755575615628914e-17
633,0.2,0.20000000000000004,0.4,-2.7755575615628914e-17
634,0.2,0.20000000000000004,0.4,-2.7755575615628914e-17
635,0.2,0.20000000000000004,0.4,-2.7755575615628914e-17
636,0.2,0.20000000000000004,0.4,-2.7755575615628914e-17
637,0.2,0.20000000000000004,0.4,-2.7755575615628914e-17
638,0.2,0.20000000000000004,0.4,-2.7755575615628914e-17
639,0.2,0.20000000000000004,0.4,-2.7755575615628914e-17
640,0.2,0.20000000000000004,0.4,-2.7755575615628914e-17
641,0.2,0.20000000000000004,0.4,-2.7755575615628914e-17
642,0.2,0.20000000000000004,0.4,-2.7755575615628914e-17
643,0.2,0.20000000000000004,0.4,-2.7755575615628914e-17
644,0.2,0.20000000000000004,0.4,-2.7755575615628914e-17
645,0.2,0.20000000000000004,0.4,-2.7755575615628914e-17
646,0.2,0.20000000000000004,0.4,-2.7755575615628914e-17
647,0.2,0.20000000000000004,0.4,-2.7755575615628914e-17
648,0.2,0.20000000000000004,0.4,-2.7755575615628914e-17
649,0.2,0.20000000000000004,0.4,-2.7755575615628914e-17
650,0.2,0.20000000000000004,0.4,-2.7755575615628914e-17
651,0.2,0.20000000000000004,0.4,-2.7755575615628914e-17
652,0.2,0.20000000000000004,0.4,-2.7755575615628914e-17
653,0.2,0.20000000000000004,0.4,-2.7755575615628914e-17
654,0.2,0.20000000000000004,0.4,-2.7755575615628914e-17
655,0.2,0.20000000000000004,0.4,-2.7755575615628914e-17
656,0.2,0.20000000000000004,0.4,-2.7755575615628914e-17
657,0.2,0.20000000000000004,0.4,-2.7755575615628914e-17
658,0.2,0.20000000000000004,0.4,-2.7755575615628914e-17
659,0.2,0.20000000000000004,0.4,-2.7755575615628914e-17
660,0.2,0.20000000000000004,0.4,-2.7755575615628914e-17
661,0.2,0.20000000000000004,0.4,-2.7755575615628914e-17
662,0.2,0.20000000000000004,0.4,-2.7755575615628914e-17
663,0.2,0.20000000000000004,0.4,-2.7755575615628914e-17
664,0.2,0.20000000000000004,0.4,-2.7755575615628914e-17
665,0.2,0.20000000000000004,0.4,-2.7755575615628914e-17
666,0.2,0.20000000000000004,0.4,-2.7755575615628914e-17
667,0.2,0.20000000000000004,0.4,-2.7755575615628914e-17
668,0.2,0.20000000000000004,0.4,-2.7755575615628914e-17
669,0.2,0.20000000000000004,0.4,-2.7755575615628914e-17
670,0.2,0.20000000000000004,0.4,-2.7755575615628914e-17
671,0.2,0.20000000000000004,0.4,-2.7755575615628914e-17
672,0.2,0.20000000000000004,0.4,-2.7755575615628914e-17
673,0.2,0.20000000000000004,0.4,-2.7755575615628914e-17
674,0.2,0.20000000000000004,0.4,-2.7755575615628914e-17
675,0.2,0.20000000000000004,0.4,-2.7755575615628914e-17
676,0.2,0.20000000000000004,0.4,-2.7755575615628914e-17
677,0.2,0.20000000000000004,0.4,-2.7755575615628914e-17
678,0.2,0.20000000000000004,0.4,-2.7755575615628914e-17
679,0.2,0.20000000000000004,0.4,-2.7755575615628914e-17
680,0.2,0.20000000000000004,0.4,-2.7755575615628914e-17
681,0.2,0.20000000000000004,0.4,-2.7755575615628914e-17
682,0.2,0.20000000000000004,0.4,-2.7755575615628914e-17
683,0.2,0.20000000000000004,0.4,-2.7755575615628914e-17
684,0.2,0.20000000000000004,0.4,-2.7755575615628914e-17
685,0.2,0.20000000000000004,0.4,-2.7755575615628914e-17
686,0.2,0.20000000000000004,0.4,-2.7755575615628914e-17
687,0.2,0.20000000000000004,0.4,-2.7755575615628914e-17
688,0.2,0.20000000000000004,0.4,-2.7755575615628914e-17
689,0.2,0.20000000000000004,0.4,-2.7755575615628914e-17
690,0.2,0.20000000000000004,0.4,-2.7755575615628914e-17
691,0.2,0.20000000000000004,0.4,-2.7755575615628914e-17
692,0.2,0.20000000000000004,0.4,-2.7755575615628914e-17
693,0.2,0.20000000000000004,0.4,-2.7755575615628914e-17
694,0.2,0.20000000000000004,0.4,-2.7755575615628914e-17
695,0.2,0.20000000000000004,0.4,-2.7755575615628914e-17
696,0.2,0.20000000000000004,0.4,-2.7755575615628914e-17
697,0.2,0.20000000000000004,0.4,-2.7755575615628914e-17
698,0.2,0.20000000000000004,0.4,-2.7755575615628914e-17
699,0.2,0.20000000000000004,0.4,-2.7755575615628914e-17
700,0.2,0.20000000000000004,0.4,-2.7755575615628914e-17
701,0.2,0.20000000000000004,0.4,-2.7755575615628914e-17
702,0.2,0.20000000000000004,0.4,-2.7755575615628914e-17
703,0.2,0.20000000000000004,0.4,-2.7755575615628914e-17
704,0.2,0.20000000000000004,0.4,-2.7755575615628914e-17
705,0.2,0.20000000000000004,0.4,-2.7755575615628914e-17
706,0.2,0.20000000000000004,0.4,-2.7755575615628914e-17
707,0.2,0.20000000000000004,0.4,-2.7755575615628914e-17
708,0.2,0.20000000000000004,0.4,-2.7755575615628914e-17
709,0.2,0.20000000000000004,0.4,-2.7755575615628914e-17
710,0.2,0.20000000000000004,0.4,-2.7755575615628914e-17
711,0.2,0.20000000000000004,0.4,-2.7755575615628914e-17
712,0.2,0.20000000000000004,0.4,-2.7755575615628914e-17
713,0.2,0.20000000000000004,0.4,-2.7755575615628914e-17
714,0.2,0.20000000000000004,0.4,-2.7755575615628914e-17
715,0.2,0.20000000000000004,0.4,-2.7755575615628914e-17
716,0.2,0.20000000000000004,0.4,-2.7755575615628914e-17
717,0.2,0.20000000000000004,0.4,-2.7755575615628914e-17
718,0.2,0.20000000000000004,0.4,-2.7755575615628914e-17
719,0.2,0.20000000000000004,0.4,-2.7755575615628914e-17
720,0.2,0.20000000000000004,0.4,-2.7755575615628914e-17
721,0.2,0.20000000000000004,0.4,-2.7755575615628914e-17
722,0.2,0.20000000000000004,0.4,-2.7755575615628914e-17
723,0.2,0.20000000000000004,0.4,-2.7755575615628914e-17
724,0.2,0.20000000000000004,0.4,-2.7755575615628914e-17
725,0.2,0.20000000000000004,0.4,-2.7755575615628914e-17
726,0.2,0.20000000000000004,0.4,-2.7755575615628914e-17
727,0.2,0.20000000000000004,0.4,-2.7755575615628914e-17
728,0.2,0.20000000000000004,0.4,-2.7755575615628914e-17
729,0.2,0.20000000000000004,0.4,-2.7755575615628914e-17
730,0.2,0.20000000000000004,0.4,-2.7755575615628914e-17
731,0.2,0.20000000000000004,0.4,-2.7755575615628914e-17
732,0.2,0.20000000000000004,0.4,-2.7755575615628914e-17
733,0.2,0.20000000000000004,0.4,-2.7755575615628914e-17
734,0.2,0.20000000000000004,0.4,-2.7755575615628914e-17
735,0.2,0.20000000000000004,0.4,-2.7755575615628914e-17
736,0.2,0.20000000000000004,0.4,-2.7755575615628914e-17
737,0.2,0.20000000000000004,0.4,-2.7755575615628914e-17
738,0.2,0.20000000000000004,0.4,-2.7755575615628914e-17
739,0.2,0.20000000000000004,0.4,-2.7755575615628914e-17
740,0.2,0.20000000000000004,0.4,-2.7755575615628914e-17
741,0.2,0.20000000000000004,0.4,-2.7755575615628914e-17
742,0.2,0.20000000000000004,0.4,-2.7755575615628914e-17
743,0.2,0.20000000000000004,0.4,-2.7755575615628914e-17
744,0.2,0.20000000000000004,0.4,-2.7755575615628914e-17
745,0.2,0.20000000000000004,0.4,-2.7755575615628914e-17
746,0.2,0.20000000000000004,0.4,-2.7755575615628914e-17
747,0.2,0.20000000000000004,0.4,-2.7755575615628914e-17
748,0.2,0.20000000000000004,0.4,-2.7755575615628914e-17
749,0.2,0.20000000000000004,0.4,-2.7755575615628914e-17
750,0.2,0.20000000000000004,0.4,-2.7755575615628914e-17
751,0.2,0.20000000000000004,0.4,-2.7755575615628914e-17
752,0.2,0.20000000000000004,0.4,-2.7755575615628914e-17
753,0.2,0.20000000000000004,0.4,-2.7755575615628914e-17
754,0.2,0.20000000000000004,0.4,-2.7755575615628914e-17
755,0.2,0.20000000000000004,0.4,-2.7755575615628914e-17
756,0.2,0.20000000000000004,0.4,-2.7755575615628914e-17
757,0.2,0.20000000000000004,0.4,-2.7755575615628914e-17
758,0.2,0.20000000000000004,0.4,-2.7755575615628914e-17
759,0.2,0.20000000000000004,0.4,-2.7755575615628914e-17
760,0.2,0.20000000000000004,0.4,-2.7755575615628914e-17
761,0.2,0.20000000000000004,0.4,-2.7755575615628914e-17
762,0.2,0.20000000000000004,0.4,-2.7755575615628914e-17
763,0.2,0.20000000000000004,0.4,-2.7755575615628914e-17
764,0.2,0.20000000000000004,0.4,-2.7755575615628914e-17
765,0.2,0.20000000000000004,0.4,-2.7755575615628914e-17
766,0.2,0.20000000000000004,0.4,-2.7755575615628914e-17
767,0.2,0.20000000000000004,0.4,-2.7755575615628914e-17
768,0.2,0.20000000000000004,0.4,-2.7755575615628914e-17
769,0.2,0.20000000000000004,0.4,-2.7755575615628914e-17
770,0.2,0.20000000000000004,0.4,-2.7755575615628914e-17
771,0.2,0.20000000000000004,0.4,-2.7755575615628914e-17
772,0.2,0.20000000000000004,0.4,-2.7755575615628914e-17
773,0.2,0.20000000000000004,0.4,-2.7755575615628914e-17
774,0.2,0.20000000000000004,0.4,-2.7755575615628914e-17
775,0.2,0.20000000000000004,0.4,-2.7755575615628914e-17
776,0.2,0.20000000000000004,0.4,-2.7755575615628914e-17
777,0.2,0.20000000000000004,0.4,-2.7755575615628914e-17
778,0.2,0.20000000000000004,0.4,-2.7755575615628914e-17
779,0.2,0.20000000000000004,0.4,-2.7755575615628914e-17
780,0.2,0.20000000000000004,0.4,-2.7755575615628914e-17
781,0.2,0.20000000000000004,0.4,-2.7755575615628914e-17
782,0.2,0.20000000000000004,0.4,-2.7755575615628914e-17
783,0.2,0.20000000000000004,0.4,-2.7755575615628914e-17
784,0.2,0.20000000000000004,0.4,-2.7755575615628914e-17
785,0.2,0.20000000000000004,0.4,-2.7755575615628914e-17
786,0.2,0.20000000000000004,0.4,-2.7755575615628914e-17
787,0.2,0.20000000000000004,0.4,-2.7755575615628914e-17
788,0.2,0.20000000000000004,0.4,-2.7755575615628914e-17
789,0.2,0.20000000000000004,0.4,-2.7755575615628914e-17
790,0.2,0.20000000000000004,0.4,-2.7755575615628914e-17
791,0.2,0.20000000000000004,0.4,-2.7755575615628914e-17
792,0.2,0.20000000000000004,0.4,-2.7755575615628914e-17
793,0.2,0.20000000000000004,0.4,-2.7755575615628914e-17
794,0.2,0.20000000000000004,0.4,-2.7755575615628914e-17
795,0.2,0.20000000000000004,0.4,-2.7755575615628914e-17
796,0.2,0.20000000000000004,0.4,-2.7755575615628914e-17
797,0.2,0.20000000000000004,0.4,-2.7755575615628914e-17
798,0.2,0.20000000000000004,0.4,-2.7755575615628914e-17
799,0.2,0.20000000000000004,0.4,-2.7755575615628914e-17
800,0.2,0.20000000000000004,0.4,-2.7755575615628914e-17
801,0.2,0.20000000000000004,0.4,-2.7755575615628914e-17
802,0.2,0.20000000000000004,0.4,-2.7755575615628914e-17
803,0.2,0.20000000000000004,0.4,-2.7755575615628914e-17
804,0.2,0.20000000000000004,0.4,-2.7755575615628914e-17
805,0.2,0.20000000000000004,0.4,-2.7755575615628914e-17
806,0.2,0.20000000000000004,0.4,-2.7755575615628914e-17
807,0.2,0.20000000000000004,0.4,-2.7755575615628914e-17
808,0.2,0.20000000000000004,0.4,-2.7755575615628914e-17
809,0.2,0.20000000000000004,0.4,-2.7755575615628914e-17
810,0.2,0.20000000000000004,0.4,-2.7755575615628914e-17
811,0.2,0.20000000000000004,0.4,-2.7755575615628914e-17
812,0.2,0.20000000000000004,0.4,-2.7755575615628914e-17
813,0.2,0.20000000000000004,0.4,-2.7755575615628914e-17
814,0.2,0.20000000000000004,0.4,-2.7755575615628914e-17
815,0.2,0.20000000000000004,0.4,-2.7755575615628914e-17
816,0.2,0.20000000000000004,0.4,-2.7755575615628914e-17
817,0.2,0.20000000000000004,0.4,-2.7755575615628914e-17
818,0.2,0.20000000000000004,0.4,-2.7755575615628914e-17
819,0.2,0.20000000000000004,0.4,-2.7755575615628914e-17
820,0.2,0.20000000000000004,0.4,-2.7755575615628914e-17
821,0.2,0.20000000000000004,0.4,-2.7755575615628914e-17
822,0.2,0.20000000000000004,0.4,-2.7755575615628914e-17
823,0.2,0.20000000000000004,0.4,-2.7755575615628914e-17
824,0.2,0.20000000000000004,0.4,-2.7755575615628914e-17
825,0.2,0.20000000000000004,0.4,-2.7755575615628914e-17
826,0.2,0.20000000000000004,0.4,-2.7755575615628914e-17
827,0.2,0.20000000000000004,0.4,-2.7755575615628914e-17
828,0.2,0.20000000000000004,0.4,-2.7755575615628914e-17
829,0.2,0.20000000000000004,0.4,-2.7755575615628914e-17
830,0.2,0.20000000000000004,0.4,-2.7755575615628914e-17
831,0.2,0.20000000000000004,0.4,-2.7755575615628914e-17
832,0.2,0.20000000000000004,0.4,-2.7755575615628914e-17
833,0.2,0.20000000000000004,0.4,-2.7755575615628914e-17
834,0.2,0.20000000000000004,0.4,-2.7755575615628914e-17
835,0.2,0.20000000000000004,0.4,-2.7755575615628914e-17
836,0.2,0.20000000000000004,0.4,-2.7755575615628914e-17
837,0.2,0.20000000000000004,0.4,-2.7755575615628914e-17
838,0.2,0.20000000000000004,0.4,-2.7755575615628914e-17
839,0.2,0.20000000000000004,0.4,-2.7755575615628914e-17
840,0.2,0.20000000000000004,0.4,-2.7755575615628914e-17
841,0.2,0.20000000000000004,0.4,-2.7755575615628914e-17
842,0.2,0.20000000000000004,0.4,-2.7755575615628914e-17
843,0.2,0.20000000000000004,0.4,-2.7755575615628914e-17
844,0.2,0.20000000000000004,0.4,-2.7755575615628914e-17
845,0.2,0.20000000000000004,0.4,-2.7755575615628914e-17
846,0.2,0.20000000000000004,0.4,-2.7755575615628914e-17
847,0.2,0.20000000000000004,0.4,-2.7755575615628914e-17
848,0.2,0.20000000000000004,0.4,-2.7755575615628914e-17
849,0.2,0.20000000000000004,0.4,-2.7755575615628914e-17
850,0.2,0.20000000000000004,0.4,-2.7755575615628914e-17
851,0.2,0.20000000000000004,0.4,-2.7755575615628914e-17
852,0.2,0.20000000000000004,0.4,-2.7755575615628914e-17
853,0.2,0.20000000000000004,0.4,-2.7755575615628914e-17
854,0.2,0.20000000000000004,0.4,-2.7755575615628914e-17
855,0.2,0.20000000000000004,0.4,-2.7755575615628914e-17
856,0.2,0.20000000000000004,0.4,-2.7755575615628914e-17
857,0.2,0.20000000000000004,0.4,-2.7755575615628914e-17
858,0.2,0.20000000000000004,0.4,-2.7755575615628914e-17
859,0.2,0.20000000000000004,0.4,-2.7755575615628914e-17
860,0.2,0.20000000000000004,0.4,-2.7755575615628914e-17
861,0.2,0.20000000000000004,0.4,-2.7755575615628914e-17
862,0.2,0.20000000000000004,0.4,-2.7755575615628914e-17
863,0.2,0.20000000000000004,0.4,-2.7755575615628914e-17
864,0.2,0.20000000000000004,0.4,-2.7755575615628914e-17
865,0.2,0.20000000000000004,0.4,-2.7755575615628914e-17
866,0.2,0.20000000000000004,0.4,-2.7755575615628914e-17
867,0.2,0.20000000000000004,0.4,-2.7755575615628914e-17
868,0.2,0.20000000000000004,0.4,-2.7755575615628914e-17
869,0.2,0.20000000000000004,0.4,-2.7755575615628914e-17
870,0.2,0.20000000000000004,0.4,-2.7755575615628914e-17
871,0.2,0.20000000000000004,0.4,-2.7755575615628914e-17
872,0.2,0.20000000000000004,0.4,-2.7755575615628914e-17
873,0.2,0.20000000000000004,0.4,-2.7755575615628914e-17
874,0.2,0.20000000000000004,0.4,-2.7755575615628914e-17
875,0.2,0.20000000000000004,0.4,-2.7755575615628914e-17
876,0.2,0.20000000000000004,0.4,-2.7755575615628914e-17
877,0.2,0.20000000000000004,0.4,-2.7755575615628914e-17
878,0.2,0.20000000000000004,0.4,-2.7755575615628914e-17
879,0.2,0.20000000000000004,0.4,-2.7755575615628914e-17
880,0.2,0.20000000000000004,0.4,-2.7755575615628914e-17
881,0.2,0.20000000000000004,0.4,-2.7755575615628914e-17
882,0.2,0.20000000000000004,0.4,-2.7755575615628914e-17
883,0.2,0.20000000000000004,0.4,-2.7755575615628914e-17
884,0.2,0.20000000000000004,0.4,-2.7755575615628914e-17
885,0.2,0.20000000000000004,0.4,-2.7755575615628914e-17
886,0.2,0.20000000000000004,0.4,-2.7755575615628914e-17
887,0.2,0.20000000000000004,0.4,-2.7755575615628914e-17
888,0.2,0.20000000000000004,0.4,-2.7755575615628914e-17
889,0.2,0.20000000000000004,0.4,-2.7755575615628914e-17
890,0.2,0.20000000000000004,0.4,-2.7755575615628914e-17
891,0.2,0.20000000000000004,0.4,-2.7755575615628914e-17
892,0.2,0.20000000000000004,0.4,-2.7755575615628914e-17
893,0.2,0.20000000000000004,0.4,-2.7755575615628914e-17
894,0.2,0.20000000000000004,0.4,-2.7755575615628914e-17
895,0.2,0.20000000000000004,0.4,-2.7755575615628914e-17
896,0.2,0.20000000000000004,0.4,-2.7755575615628914e-17
897,0.2,0.20000000000000004,0.4,-2.7755575615628914e-17
898,0.2,0.20000000000000004,0.4,-2.7755575615628914e-17
899,0.2,0.20000000000000004,0.4,-2.7755575615628914e-17
900,0.2,0.20000000000000004,0.4,-2.7755575615628914e-17
901,0.2,0.20000000000000004,0.4,-2.7755575615628914e-17
902,0.2,0.20000000000000004,0.4,-2.7755575615628914e-17
903,0.2,0.20000000000000004,0.4,-2.7755575615628914e-17
904,0.2,0.20000000000000004,0.4,-2.7755575615628914e-17
905,0.2,0.20000000000000004,0.4,-2.7755575615628914e-17
906,0.2,0.20000000000000004,0.4,-2.7755575615628914e-17
907,0.2,0.20000000000000004,0.4,-2.7755575615628914e-17
908,0.2,0.20000000000000004,0.4,-2.7755575615628914e-17
909,0.2,0.20000000000000004,0.4,-2.7755575615628914e-17
910,0.2,0.20000000000000004,0.4,-2.7755575615628914e-17
911,0.2,0.20000000000000004,0.4,-2.7755575615628914e-17
912,0.2,0.20000000000000004,0.4,-2.7755575615628914e-17
913,0.2,0.20000000000000004,0.4,-2.7755575615628914e-17
914,0.2,0.20000000000000004,0.4,-2.7755575615628914e-17
915,0.2,0.20000000000000004,0.4,-2.7755575615628914e-17
916,0.2,0.20000000000000004,0.4,-2.7755575615628914e-17
917,0.2,0.20000000000000004,0.4,-2.7755575615628914e-17
918,0.2,0.20000000000000004,0.4,-2.7755575615628914e-17
919,0.2,0.20000000000000004,0.4,-2.7755575615628914e-17
920,0.2,0.20000000000000004,0.4,-2.7755575615628914e-17
921,0.2,0.20000000000000004,0.4,-2.7755575615628914e-17
922,0.2,0.20000000000000004,0.4,-2.7755575615628914e-17
923,0.2,0.20000000000000004,0.4,-2.7755575615628914e-17
924,0.2,0.20000000000000004,0.4,-2.7755575615628914e-17
925,0.2,0.20000000000000004,0.4,-2.7755575615628914e-17
926,0.2,0.20000000000000004,0.4,-2.7755575615628914e-17
927,0.2,0.20000000000000004,0.4,-2.7755575615628914e-17
928,0.2,0.20000000000000004,0.4,-2.7755575615628914e-17
929,0.2,0.20000000000000004,0.4,-2.7755575615628914e-17
930,0.2,0.20000000000000004,0.4,-2.7755575615628914e-17
931,0.2,0.20000000000000004,0.4,-2.7755575615628914e-17
932,0.2,0.20000000000000004,0.4,-2.7755575615628914e-17
933,0.2,0.20000000000000004,0.4,-2.7755575615628914e-17
934,0.2,0.20000000000000004,0.4,-2.7755575615628914e-17
935,0.2,0.20000000000000004,0.4,-2.7755575615628914e-17
936,0.2,0.20000000000000004,0.4,-2.7755575615628914e-17
937,0.2,0.20000000000000004,0.4,-2.7755575615628914e-17
938,0.2,0.20000000000000004,0.4,-2.7755575615628914e-17
939,0.2,0.20000000000000004,0.4,-2.7755575615628914e-17
940,0.2,0.20000000000000004,0.4,-2.7755575615628914e-17
941,0.2,0.20000000000000004,0.4,-2.7755575615628914e-17
942,0.2,0.20000000000000004,0.4,-2.7755575615628914e-17
943,0.2,0.20000000000000004,0.4,-2.7755575615628914e-17
944,0.2,0.20000000000000004,0.4,-2.7755575615628914e-17
945,0.2,0.20000000000000004,0.4,-2.7755575615628914e-17
946,0.2,0.20000000000000004,0.4,-2.7755575615628914e-17
947,0.2,0.20000000000000004,0.4,-2.7755575615628914e-17
948,0.2,0.20000000000000004,0.4,-2.7755575615628914e-17
949,0.2,0.20000000000000004,0.4,-2.7755575615628914e-17
950,0.2,0.20000000000000004,0.4,-2.7755575615628914e-17
951,0.2,0.20000000000000004,0.4,-2.7755575615628914e-17
952,0.2,0.20000000000000004,0.4,-2.7755575615628914e-17
953,0.2,0.20000000000000004,0.4,-2.7755575615628914e-17
954,0.2,0.20000000000000004,0.4,-2.7755575615628914e-17
955,0.2,0.20000000000000004,0.4,-2.7755575615628914e-17
956,0.2,0.20000000000000004,0.4,-2.7755575615628914e-17
957,0.2,0.20000000000000004,0.4,-2.7755575615628914e-17
958,0.2,0.20000000000000004,0.4,-2.7755575615628914e-17
959,0.2,0.20000000000000004,0.4,-2.7755575615628914e-17
960,0.2,0.20000000000000004,0.4,-2.7755575615628914e-17
961,0.2,0.20000000000000004,0.4,-2.7755575615628914e-17
962,0.2,0.20000000000000004,0.4,-2.7755575615628914e-17
963,0.2,0.20000000000000004,0.4,-2.7755575615628914e-17
964,0.2,0.20000000000000004,0.4,-2.7755575615628914e-17
965,0.2,0.20000000000000004,0.4,-2.7755575615628914e-17
966,0.2,0.20000000000000004,0.4,-2.7755575615628914e-17
967,0.2,0.20000000000000004,0.4,-2.7755575615628914e-17
968,0.2,0.20000000000000004,0.4,-2.7755575615628914e-17
969,0.2,0.20000000000000004,0.4,-2.7755575615628914e-17
970,0.2,0.20000000000000004,0.4,-2.7755575615628914e-17
971,0.2,0.20000000000000004,0.4,-2.7755575615628914e-17
972,0.2,0.20000000000000004,0.4,-2.7755575615628914e-17
973,0.2,0.20000000000000004,0.4,-2.7755575615628914e-17
974,0.2,0.20000000000000004,0.4,-2.7755575615628914e-17
975,0.2,0.20000000000000004,0.4,-2.7755575615628914e-17
976,0.2,0.20000000000000004,0.4,-2.7755575615628914e-17
977,0.2,0.20000000000000004,0.4,-2.7755575615628914e-17
978,0.2,0.20000000000000004,0.4,-2.7755575615628914e-17
979,0.2,0.20000000000000004,0.4,-2.7755575615628914e-17
980,0.2,0.20000000000000004,0.4,-2.7755575615628914e-17
981,0.2,0.20000000000000004,0.4,-2.7755575615628914e-17
982,0.2,0.20000000000000004,0.4,-2.7755575615628914e-17
983,0.2,0.20000000000000004,0.4,-2.7755575615628914e-17
984,0.2,0.20000000000000004,0.4,-2.7755575615628914e-17
985,0.2,0.20000000000000004,0.4,-2.7755575615628914e-17
986,0.2,0.20000000000000004,0.4,-2.7755575615628914e-17
987,0.2,0.20000000000000004,0.4,-2.7755575615628914e-17
988,0.2,0.20000000000000004,0.4,-2.7755575615628914e-17
989,0.2,0.20000000000000004,0.4,-2.7755575615628914e-17
990,0.2,0.20000000000000004,0.4,-2.7755575615628914e-17
991,0.2,0.20000000000000004,0.4,-2.7755575615628914e-17
992,0.2,0.20000000000000004,0.4,-2.7755575615628914e-17
993,0.2,0.20000000000000004,0.4,-2.7755575615628914e-17
994,0.2,0.20000000000000004,0.4,-2.7755575615628914e-17
995,0.2,0.20000000000000004,0.4,-2.7755575615628914e-17
996,0.2,0.20000000000000004,0.4,-2.7755575615628914e-17
997,0.2,0.20000000000000004,0.4,-2.7755575615628914e-17
998,0.2,0.20000000000000004,0.4,-2.7755575615628914e-17
999,0.2,0.20000000000000004,0.4,-2.7755575615628914e-17
