episode,mean_done,stderr_done,upper_done,lower_done
0,0.0,0.0,0.0,0.0
1,0.0,0.0,0.0,0.0
2,0.0,0.0,0.0,0.0
3,0.0,0.0,0.0,0.0
4,0.0,0.0,0.0,0.0
5,0.0,0.0,0.0,0.0
6,0.0,0.0,0.0,0.0
7,0.0,0.0,0.0,0.0
8,0.0,0.0,0.0,0.0
9,0.0,0.0,0.0,0.0
10,0.0,0.0,0.0,0.0
11,0.0,0.0,0.0,0.0
12,0.0,0.0,0.0,0.0
13,0.0,0.0,0.0,0.0
14,0.0,0.0,0.0,0.0
15,0.0,0.0,0.0,0.0
16,0.0,0.0,0.0,0.0
17,0.0,0.0,0.0,0.0
18,0.0,0.0,0.0,0.0
19,0.0,0.0,0.0,0.0
20,0.0,0.0,0.0,0.0
21,0.0,0.0,0.0,0.0
22,0.0,0.0,0.0,0.0
23,0.0,0.0,0.0,0.0
24,0.0,0.0,0.0,0.0
25,0.0,0.0,0.0,0.0
26,0.0,0.0,0.0,0.0
27,0.0,0.0,0.0,0.0
28,0.0,0.0,0.0,0.0
29,0.0,0.0,0.0,0.0
30,0.0,0.0,0.0,0.0
31,0.0,0.0,0.0,0.0
32,0.0,0.0,0.0,0.0
33,0.0,0.0,0.0,0.0
34,0.0,0.0,0.0,0.0
35,0.0,0.0,0.0,0.0
36,0.0,0.0,0.0,0.0
37,0.0,0.0,0.0,0.0
38,0.0,0.0,0.0,0.0
39,0.0,0.0,0.0,0.0
40,0.0,0.0,0.0,0.0
41,0.0,0.0,0.0,0.0
42,0.0,0.0,0.0,0.0
43,0.16666666666666666,0.16666666666666669,0.33333333333333337,-2.7755575615628914e-17
44,0.16666666666666666,0.16666666666666669,0.33333333333333337,-2.7755575615628914e-17
45,0.16666666666666666,0.16666666666666669,0.33333333333333337,-2.7755575615628914e-17
46,0.16666666666666666,0.16666666666666669,0.33333333333333337,-2.7755575615628914e-17
47,0.16666666666666666,0.16666666666666669,0.33333333333333337,-2.7755575615628914e-17
48,0.16666666666666666,0.16666666666666669,0.33333333333333337,-2.7755575615628914e-17
49,0.16666666666666666,0.16666666666666669,0.33333333333333337,-2.7755575615628914e-17
50,0.16666666666666666,0.16666666666666669,0.33333333333333337,-2.7755575615628914e-17
51,0.16666666666666666,0.16666666666666669,0.33333333333333337,-2.7755575615628914e-17
52,0.16666666666666666,0.16666666666666669,0.33333333333333337,-2.7755575615628914e-17
53,0.16666666666666666,0.16666666666666669,0.33333333333333337,-2.7755575615628914e-17
54,0.16666666666666666,0.16666666666666669,0.33333333333333337,-2.7755575615628914e-17
55,0.16666666666666666,0.16666666666666669,0.33333333333333337,-2.7755575615628914e-17
56,0.16666666666666666,0.16666666666666669,0.33333333333333337,-2.7755575615628914e-17
57,0.16666666666666666,0.16666666666666669,0.33333333333333337,-2.7755575615628914e-17
58,0.16666666666666666,0.16666666666666669,0.33333333333333337,-2.7755575615628914e-17
59,0.3333333333333333,0.210818510677892,0.5441518440112253,0.12251482265544131
60,0.3333333333333333,0.210818510677892,0.5441518440112253,0.12251482265544131
61,0.3333333333333333,0.210818510677892,0.5441518440112253,0.12251482265544131
62,0.3333333333333333,0.210818510677892,0.5441518440112253,0.12251482265544131
63,0.3333333333333333,0.210818510677892,0.5441518440112253,0.12251482265544131
64,0.3333333333333333,0.210818510677892,0.5441518440112253,0.12251482265544131
65,0.3333333333333333,0.210818510677892,0.5441518440112253,0.12251482265544131
66,0.3333333333333333,0.210818510677892,0.5441518440112253,0.12251482265544131
67,0.3333333333333333,0.210818510677892,0.5441518440112253,0.12251482265544131
68,0.3333333333333333,0.210818510677892,0.5441518440112253,0.12251482265544131
69,0.3333333333333333,0.210818510677892,0.5441518440112253,0.12251482265544131
70,0.3333333333333333,0.210818510677892,0.5441518440112253,0.12251482265544131
71,0.3333333333333333,0.210818510677892,0.5441518440112253,0.12251482265544131
72,0.3333333333333333,0.210818510677892,0.5441518440112253,0.12251482265544131
73,0.3333333333333333,0.210818510677892,0.5441518440112253,0.12251482265544131
74,0.3333333333333333,0.210818510677892,0.5441518440112253,0.12251482265544131
75,0.3333333333333333,0.210818510677892,0.5441518440112253,0.12251482265544131
76,0.3333333333333333,0.210818510677892,0.5441518440112253,0.12251482265544131
77,0.3333333333333333,0.210818510677892,0.5441518440112253,0.12251482265544131
78,0.3333333333333333,0.210818510677892,0.5441518440112253,0.12251482265544131
79,0.3333333333333333,0.210818510677892,0.5441518440112253,0.12251482265544131
80,0.3333333333333333,0.210818510677892,0.5441518440112253,0.12251482265544131
81,0.3333333333333333,0.210818510677892,0.5441518440112253,0.12251482265544131
82,0.3333333333333333,0.210818510677892,0.5441518440112253,0.12251482265544131
83,0.3333333333333333,0.210818510677892,0.5441518440112253,0.12251482265544131
84,0.3333333333333333,0.210818510677892,0.5441518440112253,0.12251482265544131
85,0.3333333333333333,0.210818510677892,0.5441518440112253,0.12251482265544131
86,0.3333333333333333,0.210818510677892,0.5441518440112253,0.12251482265544131
87,0.3333333333333333,0.210818510677892,0.5441518440112253,0.12251482265544131
88,0.3333333333333333,0.210818510677892,0.5441518440112253,0.12251482265544131
89,0.3333333333333333,0.210818510677892,0.5441518440112253,0.12251482265544131
90,0.3333333333333333,0.210818510677892,0.5441518440112253,0.12251482265544131
91,0.5,0.22360679774997896,0.7236067977499789,0.27639320225002106
92,0.5,0.22360679774997896,0.7236067977499789,0.27639320225002106
93,0.5,0.22360679774997896,0.7236067977499789,0.27639320225002106
94,0.5,0.22360679774997896,0.7236067977499789,0.27639320225002106
95,0.6666666666666666,0.210818510677892,0.8774851773445587,0.4558481559887746
96,0.6666666666666666,0.210818510677892,0.8774851773445587,0.4558481559887746
97,0.6666666666666666,0.210818510677892,0.8774851773445587,0.4558481559887746
98,0.6666666666666666,0.210818510677892,0.8774851773445587,0.4558481559887746
99,0.6666666666666666,0.210818510677892,0.8774851773445587,0.4558481559887746
100,0.6666666666666666,0.210818510677892,0.8774851773445587,0.4558481559887746
101,0.6666666666666666,0.210818510677892,0.8774851773445587,0.4558481559887746
102,0.6666666666666666,0.210818510677892,0.8774851773445587,0.4558481559887746
103,0.6666666666666666,0.210818510677892,0.8774851773445587,0.4558481559887746
104,0.6666666666666666,0.210818510677892,0.8774851773445587,0.4558481559887746
105,0.6666666666666666,0.210818510677892,0.8774851773445587,0.4558481559887746
106,0.6666666666666666,0.210818510677892,0.8774851773445587,0.4558481559887746
107,0.6666666666666666,0.210818510677892,0.8774851773445587,0.4558481559887746
108,0.6666666666666666,0.210818510677892,0.8774851773445587,0.4558481559887746
109,0.6666666666666666,0.210818510677892,0.8774851773445587,0.4558481559887746
110,0.6666666666666666,0.210818510677892,0.8774851773445587,0.4558481559887746
111,0.6666666666666666,0.210818510677892,0.8774851773445587,0.4558481559887746
112,0.6666666666666666,0.210818510677892,0.8774851773445587,0.4558481559887746
113,0.6666666666666666,0.210818510677892,0.8774851773445587,0.4558481559887746
114,0.6666666666666666,0.210818510677892,0.8774851773445587,0.4558481559887746
115,0.8333333333333334,0.16666666666666669,1.0,0.6666666666666667
116,0.8333333333333334,0.16666666666666669,1.0,0.6666666666666667
117,0.8333333333333334,0.16666666666666669,1.0,0.6666666666666667
118,0.8333333333333334,0.16666666666666669,1.0,0.6666666666666667
119,0.8333333333333334,0.16666666666666669,1.0,0.6666666666666667
120,0.8333333333333334,0.16666666666666669,1.0,0.6666666666666667
121,0.8333333333333334,0.16666666666666669,1.0,0.6666666666666667
122,0.8333333333333334,0.16666666666666669,1.0,0.6666666666666667
123,0.8333333333333334,0.16666666666666669,1.0,0.6666666666666667
124,0.8333333333333334,0.16666666666666669,1.0,0.6666666666666667
125,0.8333333333333334,0.16666666666666669,1.0,0.6666666666666667
126,0.8333333333333334,0.16666666666666669,1.0,0.6666666666666667
127,0.8333333333333334,0.16666666666666669,1.0,0.6666666666666667
128,0.8333333333333334,0.16666666666666669,1.0,0.6666666666666667
129,0.8333333333333334,0.16666666666666669,1.0,0.6666666666666667
130,0.8333333333333334,0.16666666666666669,1.0,0.6666666666666667
131,0.8333333333333334,0.16666666666666669,1.0,0.6666666666666667
132,0.8333333333333334,0.16666666666666669,1.0,0.6666666666666667
133,0.8333333333333334,0.16666666666666669,1.0,0.6666666666666667
134,0.8333333333333334,0.16666666666666669,1.0,0.6666666666666667
135,0.8333333333333334,0.16666666666666669,1.0,0.6666666666666667
136,0.8333333333333334,0.16666666666666669,1.0,0.6666666666666667
137,0.8333333333333334,0.16666666666666669,1.0,0.6666666666666667
138,0.8333333333333334,0.16666666666666669,1.0,0.6666666666666667
139,0.8333333333333334,0.16666666666666669,1.0,0.6666666666666667
140,0.8333333333333334,0.16666666666666669,1.0,0.6666666666666667
141,0.8333333333333334,0.16666666666666669,1.0,0.6666666666666667
142,0.8333333333333334,0.16666666666666669,1.0,0.6666666666666667
143,0.8333333333333334,0.16666666666666669,1.0,0.6666666666666667
144,0.8333333333333334,0.16666666666666669,1.0,0.6666666666666667
145,0.8333333333333334,0.16666666666666669,1.0,0.6666666666666667
146,0.8333333333333334,0.16666666666666669,1.0,0.6666666666666667
147,0.8333333333333334,0.16666666666666669,1.0,0.6666666666666667
148,0.8333333333333334,0.16666666666666669,1.0,0.6666666666666667
149,0.8333333333333334,0.16666666666666669,1.0,0.6666666666666667
150,0.8333333333333334,0.16666666666666669,1.0,0.6666666666666667
151,0.8333333333333334,0.16666666666666669,1.0,0.6666666666666667
152,0.8333333333333334,0.16666666666666669,1.0,0.6666666666666667
153,0.8333333333333334,0.16666666666666669,1.0,0.6666666666666667
154,0.8333333333333334,0.16666666666666669,1.0,0.6666666666666667
155,0.8333333333333334,0.16666666666666669,1.0,0.6666666666666667
156,0.8333333333333334,0.16666666666666669,1.0,0.6666666666666667
157,0.8333333333333334,0.16666666666666669,1.0,0.6666666666666667
158,0.8333333333333334,0.16666666666666669,1.0,0.6666666666666667
159,0.8333333333333334,0.16666666666666669,1.0,0.6666666666666667
160,0.8333333333333334,0.16666666666666669,1.0,0.6666666666666667
161,0.8333333333333334,0.16666666666666669,1.0,0.6666666666666667
162,0.8333333333333334,0.16666666666666669,1.0,0.6666666666666667
163,0.8333333333333334,0.16666666666666669,1.0,0.6666666666666667
164,0.8333333333333334,0.16666666666666669,1.0,0.6666666666666667
165,0.8333333333333334,0.16666666666666669,1.0,0.6666666666666667
166,0.8333333333333334,0.16666666666666669,1.0,0.6666666666666667
167,0.8333333333333334,0.16666666666666669,1.0,0.6666666666666667
168,0.8333333333333334,0.16666666666666669,1.0,0.6666666666666667
169,0.8333333333333334,0.16666666666666669,1.0,0.6666666666666667
170,0.8333333333333334,0.16666666666666669,1.0,0.6666666666666667
171,0.8333333333333334,0.16666666666666669,1.0,0.6666666666666667
172,0.8333333333333334,0.16666666666666669,1.0,0.6666666666666667
173,1.0,0.25819888974716115,1.2581988897471612,0.7418011102528388
174,1.0,0.25819888974716115,1.2581988897471612,0.7418011102528388
175,1.0,0.25819888974716115,1.2581988897471612,0.7418011102528388
176,1.0,0.25819888974716115,1.2581988897471612,0.7418011102528388
177,1.0,0.25819888974716115,1.2581988897471612,0.7418011102528388
178,1.0,0.25819888974716115,1.2581988897471612,0.7418011102528388
179,1.0,0.25819888974716115,1.2581988897471612,0.7418011102528388
180,1.0,0.25819888974716115,1.2581988897471612,0.7418011102528388
181,1.0,0.25819888974716115,1.2581988897471612,0.7418011102528388
182,1.0,0.25819888974716115,1.2581988897471612,0.7418011102528388
183,1.0,0.25819888974716115,1.2581988897471612,0.7418011102528388
184,1.0,0.25819888974716115,1.2581988897471612,0.7418011102528388
185,1.0,0.25819888974716115,1.2581988897471612,0.7418011102528388
186,1.0,0.25819888974716115,1.2581988897471612,0.7418011102528388
187,1.0,0.25819888974716115,1.2581988897471612,0.7418011102528388
188,1.0,0.25819888974716115,1.2581988897471612,0.7418011102528388
189,1.0,0.25819888974716115,1.2581988897471612,0.7418011102528388
190,1.0,0.25819888974716115,1.2581988897471612,0.7418011102528388
191,1.0,0.25819888974716115,1.2581988897471612,0.7418011102528388
192,1.0,0.25819888974716115,1.2581988897471612,0.7418011102528388
193,1.0,0.25819888974716115,1.2581988897471612,0.7418011102528388
194,1.0,0.25819888974716115,1.2581988897471612,0.7418011102528388
195,1.0,0.25819888974716115,1.2581988897471612,0.7418011102528388
196,1.0,0.25819888974716115,1.2581988897471612,0.7418011102528388
197,1.0,0.25819888974716115,1.2581988897471612,0.7418011102528388
198,1.0,0.25819888974716115,1.2581988897471612,0.7418011102528388
199,1.0,0.25819888974716115,1.2581988897471612,0.7418011102528388
200,1.0,0.25819888974716115,1.2581988897471612,0.7418011102528388
201,1.0,0.25819888974716115,1.2581988897471612,0.7418011102528388
202,1.0,0.25819888974716115,1.2581988897471612,0.7418011102528388
203,1.0,0.25819888974716115,1.2581988897471612,0.7418011102528388
204,1.0,0.25819888974716115,1.2581988897471612,0.7418011102528388
205,1.0,0.25819888974716115,1.2581988897471612,0.7418011102528388
206,1.0,0.25819888974716115,1.2581988897471612,0.7418011102528388
207,1.0,0.25819888974716115,1.2581988897471612,0.7418011102528388
208,1.0,0.25819888974716115,1.2581988897471612,0.7418011102528388
209,1.0,0.25819888974716115,1.2581988897471612,0.7418011102528388
210,1.0,0.25819888974716115,1.2581988897471612,0.7418011102528388
211,1.0,0.25819888974716115,1.2581988897471612,0.7418011102528388
212,1.0,0.25819888974716115,1.2581988897471612,0.7418011102528388
213,1.0,0.25819888974716115,1.2581988897471612,0.7418011102528388
214,1.0,0.25819888974716115,1.2581988897471612,0.7418011102528388
215,1.0,0.25819888974716115,1.2581988897471612,0.7418011102528388
216,1.0,0.25819888974716115,1.2581988897471612,0.7418011102528388
217,1.0,0.25819888974716115,1.2581988897471612,0.7418011102528388
218,1.0,0.25819888974716115,1.2581988897471612,0.7418011102528388
219,1.0,0.25819888974716115,1.2581988897471612,0.7418011102528388
220,1.0,0.25819888974716115,1.2581988897471612,0.7418011102528388
221,1.0,0.25819888974716115,1.2581988897471612,0.7418011102528388
222,1.1666666666666667,0.4013864859597432,1.5680531526264099,0.7652801807069236
223,1.1666666666666667,0.4013864859597432,1.5680531526264099,0.7652801807069236
224,1.1666666666666667,0.4013864859597432,1.5680531526264099,0.7652801807069236
225,1.1666666666666667,0.4013864859597432,1.5680531526264099,0.7652801807069236
226,1.1666666666666667,0.4013864859597432,1.5680531526264099,0.7652801807069236
227,1.1666666666666667,0.4013864859597432,1.5680531526264099,0.7652801807069236
228,1.1666666666666667,0.4013864859597432,1.5680531526264099,0.7652801807069236
229,1.1666666666666667,0.4013864859597432,1.5680531526264099,0.7652801807069236
230,1.1666666666666667,0.4013864859597432,1.5680531526264099,0.7652801807069236
231,1.1666666666666667,0.4013864859597432,1.5680531526264099,0.7652801807069236
232,1.1666666666666667,0.4013864859597432,1.5680531526264099,0.7652801807069236
233,1.1666666666666667,0.4013864859597432,1.5680531526264099,0.7652801807069236
234,1.1666666666666667,0.4013864859597432,1.5680531526264099,0.7652801807069236
235,1.1666666666666667,0.4013864859597432,1.5680531526264099,0.7652801807069236
236,1.1666666666666667,0.4013864859597432,1.5680531526264099,0.7652801807069236
237,1.1666666666666667,0.4013864859597432,1.5680531526264099,0.7652801807069236
238,1.1666666666666667,0.4013864859597432,1.5680531526264099,0.7652801807069236
239,1.1666666666666667,0.4013864859597432,1.5680531526264099,0.7652801807069236
240,1.1666666666666667,0.4013864859597432,1.5680531526264099,0.7652801807069236
241,1.1666666666666667,0.4013864859597432,1.5680531526264099,0.7652801807069236
242,1.1666666666666667,0.4013864859597432,1.5680531526264099,0.7652801807069236
243,1.1666666666666667,0.4013864859597432,1.5680531526264099,0.7652801807069236
244,1.1666666666666667,0.4013864859597432,1.5680531526264099,0.7652801807069236
245,1.1666666666666667,0.4013864859597432,1.5680531526264099,0.7652801807069236
246,1.1666666666666667,0.4013864859597432,1.5680531526264099,0.7652801807069236
247,1.1666666666666667,0.4013864859597432,1.5680531526264099,0.7652801807069236
248,1.1666666666666667,0.4013864859597432,1.5680531526264099,0.7652801807069236
249,1.1666666666666667,0.4013864859597432,1.5680531526264099,0.7652801807069236
250,1.1666666666666667,0.4013864859597432,1.5680531526264099,0.7652801807069236
251,1.1666666666666667,0.4013864859597432,1.5680531526264099,0.7652801807069236
252,1.1666666666666667,0.4013864859597432,1.5680531526264099,0.7652801807069236
253,1.1666666666666667,0.4013864859597432,1.5680531526264099,0.7652801807069236
254,1.3333333333333333,0.5577733510227171,1.8911066843560502,0.7755599823106162
255,1.3333333333333333,0.5577733510227171,1.8911066843560502,0.7755599823106162
256,1.3333333333333333,0.5577733510227171,1.8911066843560502,0.7755599823106162
257,1.3333333333333333,0.5577733510227171,1.8911066843560502,0.7755599823106162
258,1.5,0.5627314338711378,2.0627314338711376,0.9372685661288622
259,1.5,0.5627314338711378,2.0627314338711376,0.9372685661288622
260,1.5,0.5627314338711378,2.0627314338711376,0.9372685661288622
261,1.5,0.5627314338711378,2.0627314338711376,0.9372685661288622
262,1.5,0.5627314338711378,2.0627314338711376,0.9372685661288622
263,1.5,0.5627314338711378,2.0627314338711376,0.9372685661288622
264,1.5,0.5627314338711378,2.0627314338711376,0.9372685661288622
265,1.5,0.5627314338711378,2.0627314338711376,0.9372685661288622
266,1.5,0.5627314338711378,2.0627314338711376,0.9372685661288622
267,1.5,0.5627314338711378,2.0627314338711376,0.9372685661288622
268,1.5,0.5627314338711378,2.0627314338711376,0.9372685661288622
269,1.5,0.5627314338711378,2.0627314338711376,0.9372685661288622
270,1.5,0.5627314338711378,2.0627314338711376,0.9372685661288622
271,1.5,0.5627314338711378,2.0627314338711376,0.9372685661288622
272,1.5,0.5627314338711378,2.0627314338711376,0.9372685661288622
273,1.5,0.5627314338711378,2.0627314338711376,0.9372685661288622
274,1.5,0.5627314338711378,2.0627314338711376,0.9372685661288622
275,1.5,0.5627314338711378,2.0627314338711376,0.9372685661288622
276,1.5,0.5627314338711378,2.0627314338711376,0.9372685661288622
277,1.5,0.5627314338711378,2.0627314338711376,0.9372685661288622
278,1.5,0.5627314338711378,2.0627314338711376,0.9372685661288622
279,1.5,0.5627314338711378,2.0627314338711376,0.9372685661288622
280,1.6666666666666667,0.7149203529842406,2.3815870196509072,0.9517463136824261
281,1.6666666666666667,0.7149203529842406,2.3815870196509072,0.9517463136824261
282,1.6666666666666667,0.7149203529842406,2.3815870196509072,0.9517463136824261
283,1.6666666666666667,0.7149203529842406,2.3815870196509072,0.9517463136824261
284,1.6666666666666667,0.7149203529842406,2.3815870196509072,0.9517463136824261
285,1.6666666666666667,0.7149203529842406,2.3815870196509072,0.9517463136824261
286,1.6666666666666667,0.7149203529842406,2.3815870196509072,0.9517463136824261
287,1.6666666666666667,0.7149203529842406,2.3815870196509072,0.9517463136824261
288,1.6666666666666667,0.7149203529842406,2.3815870196509072,0.9517463136824261
289,1.8333333333333333,0.7490735018081413,2.5824068351414744,1.0842598315251921
290,1.8333333333333333,0.7490735018081413,2.5824068351414744,1.0842598315251921
291,1.8333333333333333,0.7490735018081413,2.5824068351414744,1.0842598315251921
292,1.8333333333333333,0.7490735018081413,2.5824068351414744,1.0842598315251921
293,1.8333333333333333,0.7490735018081413,2.5824068351414744,1.0842598315251921
294,1.8333333333333333,0.7490735018081413,2.5824068351414744,1.0842598315251921
295,1.8333333333333333,0.7490735018081413,2.5824068351414744,1.0842598315251921
296,1.8333333333333333,0.7490735018081413,2.5824068351414744,1.0842598315251921
297,1.8333333333333333,0.7490735018081413,2.5824068351414744,1.0842598315251921
298,1.8333333333333333,0.7490735018081413,2.5824068351414744,1.0842598315251921
299,1.8333333333333333,0.7490735018081413,2.5824068351414744,1.0842598315251921
300,1.8333333333333333,0.7490735018081413,2.5824068351414744,1.0842598315251921
301,1.8333333333333333,0.7490735018081413,2.5824068351414744,1.0842598315251921
302,1.8333333333333333,0.7490735018081413,2.5824068351414744,1.0842598315251921
303,1.8333333333333333,0.7490735018081413,2.5824068351414744,1.0842598315251921
304,1.8333333333333333,0.7490735018081413,2.5824068351414744,1.0842598315251921
305,1.8333333333333333,0.7490735018081413,2.5824068351414744,1.0842598315251921
306,1.8333333333333333,0.7490735018081413,2.5824068351414744,1.0842598315251921
307,1.8333333333333333,0.7490735018081413,2.5824068351414744,1.0842598315251921
308,1.8333333333333333,0.7490735018081413,2.5824068351414744,1.0842598315251921
309,1.8333333333333333,0.7490735018081413,2.5824068351414744,1.0842598315251921
310,1.8333333333333333,0.7490735018081413,2.5824068351414744,1.0842598315251921
311,1.8333333333333333,0.7490735018081413,2.5824068351414744,1.0842598315251921
312,1.8333333333333333,0.7490735018081413,2.5824068351414744,1.0842598315251921
313,1.8333333333333333,0.7490735018081413,2.5824068351414744,1.0842598315251921
314,1.8333333333333333,0.7490735018081413,2.5824068351414744,1.0842598315251921
315,2.0,0.7302967433402215,2.7302967433402214,1.2697032566597786
316,2.0,0.7302967433402215,2.7302967433402214,1.2697032566597786
317,2.0,0.7302967433402215,2.7302967433402214,1.2697032566597786
318,2.0,0.7302967433402215,2.7302967433402214,1.2697032566597786
319,2.0,0.7302967433402215,2.7302967433402214,1.2697032566597786
320,2.0,0.7302967433402215,2.7302967433402214,1.2697032566597786
321,2.0,0.7302967433402215,2.7302967433402214,1.2697032566597786
322,2.0,0.7302967433402215,2.7302967433402214,1.2697032566597786
323,2.0,0.7302967433402215,2.7302967433402214,1.2697032566597786
324,2.0,0.7302967433402215,2.7302967433402214,1.2697032566597786
325,2.0,0.7302967433402215,2.7302967433402214,1.2697032566597786
326,2.0,0.7302967433402215,2.7302967433402214,1.2697032566597786
327,2.0,0.7302967433402215,2.7302967433402214,1.2697032566597786
328,2.0,0.7302967433402215,2.7302967433402214,1.2697032566597786
329,2.0,0.7302967433402215,2.7302967433402214,1.2697032566597786
330,2.0,0.7302967433402215,2.7302967433402214,1.2697032566597786
331,2.0,0.7302967433402215,2.7302967433402214,1.2697032566597786
332,2.0,0.7302967433402215,2.7302967433402214,1.2697032566597786
333,2.0,0.7302967433402215,2.7302967433402214,1.2697032566597786
334,2.0,0.7302967433402215,2.7302967433402214,1.2697032566597786
335,2.0,0.7302967433402215,2.7302967433402214,1.2697032566597786
336,2.0,0.7302967433402215,2.7302967433402214,1.2697032566597786
337,2.0,0.7302967433402215,2.7302967433402214,1.2697032566597786
338,2.0,0.7302967433402215,2.7302967433402214,1.2697032566597786
339,2.0,0.7302967433402215,2.7302967433402214,1.2697032566597786
340,2.0,0.7302967433402215,2.7302967433402214,1.2697032566597786
341,2.0,0.7302967433402215,2.7302967433402214,1.2697032566597786
342,2.0,0.7302967433402215,2.7302967433402214,1.2697032566597786
343,2.0,0.7302967433402215,2.7302967433402214,1.2697032566597786
344,2.0,0.7302967433402215,2.7302967433402214,1.2697032566597786
345,2.0,0.7302967433402215,2.7302967433402214,1.2697032566597786
346,2.0,0.7302967433402215,2.7302967433402214,1.2697032566597786
347,2.0,0.7302967433402215,2.7302967433402214,1.2697032566597786
348,2.0,0.7302967433402215,2.7302967433402214,1.2697032566597786
349,2.0,0.7302967433402215,2.7302967433402214,1.2697032566597786
350,2.0,0.7302967433402215,2.7302967433402214,1.2697032566597786
351,2.0,0.7302967433402215,2.7302967433402214,1.2697032566597786
352,2.0,0.7302967433402215,2.7302967433402214,1.2697032566597786
353,2.0,0.7302967433402215,2.7302967433402214,1.2697032566597786
354,2.0,0.7302967433402215,2.7302967433402214,1.2697032566597786
355,2.0,0.7302967433402215,2.7302967433402214,1.2697032566597786
356,2.0,0.7302967433402215,2.7302967433402214,1.2697032566597786
357,2.0,0.7302967433402215,2.7302967433402214,1.2697032566597786
358,2.0,0.7302967433402215,2.7302967433402214,1.2697032566597786
359,2.0,0.7302967433402215,2.7302967433402214,1.2697032566597786
360,2.0,0.7302967433402215,2.7302967433402214,1.2697032566597786
361,2.0,0.7302967433402215,2.7302967433402214,1.2697032566597786
362,2.0,0.7302967433402215,2.7302967433402214,1.2697032566597786
363,2.0,0.7302967433402215,2.7302967433402214,1.2697032566597786
364,2.0,0.7302967433402215,2.7302967433402214,1.2697032566597786
365,2.0,0.7302967433402215,2.7302967433402214,1.2697032566597786
366,2.0,0.7302967433402215,2.7302967433402214,1.2697032566597786
367,2.0,0.7302967433402215,2.7302967433402214,1.2697032566597786
368,2.0,0.7302967433402215,2.7302967433402214,1.2697032566597786
369,2.0,0.7302967433402215,2.7302967433402214,1.2697032566597786
370,2.0,0.7302967433402215,2.7302967433402214,1.2697032566597786
371,2.0,0.7302967433402215,2.7302967433402214,1.2697032566597786
372,2.0,0.7302967433402215,2.7302967433402214,1.2697032566597786
373,2.0,0.7302967433402215,2.7302967433402214,1.2697032566597786
374,2.0,0.7302967433402215,2.7302967433402214,1.2697032566597786
375,2.0,0.7302967433402215,2.7302967433402214,1.2697032566597786
376,2.0,0.7302967433402215,2.7302967433402214,1.2697032566597786
377,2.0,0.7302967433402215,2.7302967433402214,1.2697032566597786
378,2.0,0.7302967433402215,2.7302967433402214,1.2697032566597786
379,2.0,0.7302967433402215,2.7302967433402214,1.2697032566597786
380,2.0,0.7302967433402215,2.7302967433402214,1.2697032566597786
381,2.0,0.7302967433402215,2.7302967433402214,1.2697032566597786
382,2.0,0.7302967433402215,2.7302967433402214,1.2697032566597786
383,2.0,0.7302967433402215,2.7302967433402214,1.2697032566597786
384,2.0,0.7302967433402215,2.7302967433402214,1.2697032566597786
385,2.0,0.7302967433402215,2.7302967433402214,1.2697032566597786
386,2.0,0.7302967433402215,2.7302967433402214,1.2697032566597786
387,2.0,0.7302967433402215,2.7302967433402214,1.2697032566597786
388,2.0,0.7302967433402215,2.7302967433402214,1.2697032566597786
389,2.0,0.7302967433402215,2.7302967433402214,1.2697032566597786
390,2.0,0.7302967433402215,2.7302967433402214,1.2697032566597786
391,2.0,0.7302967433402215,2.7302967433402214,1.2697032566597786
392,2.0,0.7302967433402215,2.7302967433402214,1.2697032566597786
393,2.0,0.7302967433402215,2.7302967433402214,1.2697032566597786
394,2.0,0.7302967433402215,2.7302967433402214,1.2697032566597786
395,2.0,0.7302967433402215,2.7302967433402214,1.2697032566597786
396,2.0,0.7302967433402215,2.7302967433402214,1.2697032566597786
397,2.0,0.7302967433402215,2.7302967433402214,1.2697032566597786
398,2.0,0.7302967433402215,2.7302967433402214,1.2697032566597786
399,2.0,0.7302967433402215,2.7302967433402214,1.2697032566597786
400,2.0,0.7302967433402215,2.7302967433402214,1.2697032566597786
401,2.0,0.7302967433402215,2.7302967433402214,1.2697032566597786
402,2.0,0.7302967433402215,2.7302967433402214,1.2697032566597786
403,2.0,0.7302967433402215,2.7302967433402214,1.2697032566597786
404,2.0,0.7302967433402215,2.7302967433402214,1.2697032566597786
405,2.0,0.7302967433402215,2.7302967433402214,1.2697032566597786
406,2.0,0.7302967433402215,2.7302967433402214,1.2697032566597786
407,2.0,0.7302967433402215,2.7302967433402214,1.2697032566597786
408,2.1666666666666665,0.792324288266981,2.9589909549336477,1.3743423783996855
409,2.1666666666666665,0.792324288266981,2.9589909549336477,1.3743423783996855
410,2.1666666666666665,0.792324288266981,2.9589909549336477,1.3743423783996855
411,2.1666666666666665,0.792324288266981,2.9589909549336477,1.3743423783996855
412,2.1666666666666665,0.792324288266981,2.9589909549336477,1.3743423783996855
413,2.1666666666666665,0.792324288266981,2.9589909549336477,1.3743423783996855
414,2.1666666666666665,0.792324288266981,2.9589909549336477,1.3743423783996855
415,2.1666666666666665,0.792324288266981,2.9589909549336477,1.3743423783996855
416,2.1666666666666665,0.792324288266981,2.9589909549336477,1.3743423783996855
417,2.1666666666666665,0.792324288266981,2.9589909549336477,1.3743423783996855
418,2.1666666666666665,0.792324288266981,2.9589909549336477,1.3743423783996855
419,2.1666666666666665,0.792324288266981,2.9589909549336477,1.3743423783996855
420,2.1666666666666665,0.792324288266981,2.9589909549336477,1.3743423783996855
421,2.1666666666666665,0.792324288266981,2.9589909549336477,1.3743423783996855
422,2.1666666666666665,0.792324288266981,2.9589909549336477,1.3743423783996855
423,2.1666666666666665,0.792324288266981,2.9589909549336477,1.3743423783996855
424,2.1666666666666665,0.792324288266981,2.9589909549336477,1.3743423783996855
425,2.1666666666666665,0.792324288266981,2.9589909549336477,1.3743423783996855
426,2.1666666666666665,0.792324288266981,2.9589909549336477,1.3743423783996855
427,2.1666666666666665,0.792324288266981,2.9589909549336477,1.3743423783996855
428,2.1666666666666665,0.792324288266981,2.9589909549336477,1.3743423783996855
429,2.1666666666666665,0.792324288266981,2.9589909549336477,1.3743423783996855
430,2.1666666666666665,0.792324288266981,2.9589909549336477,1.3743423783996855
431,2.1666666666666665,0.792324288266981,2.9589909549336477,1.3743423783996855
432,2.1666666666666665,0.792324288266981,2.9589909549336477,1.3743423783996855
433,2.1666666666666665,0.792324288266981,2.9589909549336477,1.3743423783996855
434,2.1666666666666665,0.792324288266981,2.9589909549336477,1.3743423783996855
435,2.1666666666666665,0.792324288266981,2.9589909549336477,1.3743423783996855
436,2.1666666666666665,0.792324288266981,2.9589909549336477,1.3743423783996855
437,2.1666666666666665,0.792324288266981,2.9589909549336477,1.3743423783996855
438,2.1666666666666665,0.792324288266981,2.9589909549336477,1.3743423783996855
439,2.1666666666666665,0.792324288266981,2.9589909549336477,1.3743423783996855
440,2.1666666666666665,0.792324288266981,2.9589909549336477,1.3743423783996855
441,2.1666666666666665,0.792324288266981,2.9589909549336477,1.3743423783996855
442,2.1666666666666665,0.792324288266981,2.9589909549336477,1.3743423783996855
443,2.1666666666666665,0.792324288266981,2.9589909549336477,1.3743423783996855
444,2.1666666666666665,0.792324288266981,2.9589909549336477,1.3743423783996855
445,2.1666666666666665,0.792324288266981,2.9589909549336477,1.3743423783996855
446,2.1666666666666665,0.792324288266981,2.9589909549336477,1.3743423783996855
447,2.1666666666666665,0.792324288266981,2.9589909549336477,1.3743423783996855
448,2.1666666666666665,0.792324288266981,2.9589909549336477,1.3743423783996855
449,2.1666666666666665,0.792324288266981,2.9589909549336477,1.3743423783996855
450,2.1666666666666665,0.792324288266981,2.9589909549336477,1.3743423783996855
451,2.1666666666666665,0.792324288266981,2.9589909549336477,1.3743423783996855
452,2.1666666666666665,0.792324288266981,2.9589909549336477,1.3743423783996855
453,2.1666666666666665,0.792324288266981,2.9589909549336477,1.3743423783996855
454,2.1666666666666665,0.792324288266981,2.9589909549336477,1.3743423783996855
455,2.1666666666666665,0.792324288266981,2.9589909549336477,1.3743423783996855
456,2.1666666666666665,0.792324288266981,2.9589909549336477,1.3743423783996855
457,2.1666666666666665,0.792324288266981,2.9589909549336477,1.3743423783996855
458,2.1666666666666665,0.792324288266981,2.9589909549336477,1.3743423783996855
459,2.1666666666666665,0.792324288266981,2.9589909549336477,1.3743423783996855
460,2.1666666666666665,0.792324288266981,2.9589909549336477,1.3743423783996855
461,2.1666666666666665,0.792324288266981,2.9589909549336477,1.3743423783996855
462,2.1666666666666665,0.792324288266981,2.9589909549336477,1.3743423783996855
463,2.1666666666666665,0.792324288266981,2.9589909549336477,1.3743423783996855
464,2.1666666666666665,0.792324288266981,2.9589909549336477,1.3743423783996855
465,2.1666666666666665,0.792324288266981,2.9589909549336477,1.3743423783996855
466,2.1666666666666665,0.792324288266981,2.9589909549336477,1.3743423783996855
467,2.1666666666666665,0.792324288266981,2.9589909549336477,1.3743423783996855
468,2.1666666666666665,0.792324288266981,2.9589909549336477,1.3743423783996855
469,2.1666666666666665,0.792324288266981,2.9589909549336477,1.3743423783996855
470,2.1666666666666665,0.792324288266981,2.9589909549336477,1.3743423783996855
471,2.1666666666666665,0.792324288266981,2.9589909549336477,1.3743423783996855
472,2.1666666666666665,0.792324288266981,2.9589909549336477,1.3743423783996855
473,2.1666666666666665,0.792324288266981,2.9589909549336477,1.3743423783996855
474,2.1666666666666665,0.792324288266981,2.9589909549336477,1.3743423783996855
475,2.1666666666666665,0.792324288266981,2.9589909549336477,1.3743423783996855
476,2.1666666666666665,0.792324288266981,2.9589909549336477,1.3743423783996855
477,2.1666666666666665,0.792324288266981,2.9589909549336477,1.3743423783996855
478,2.1666666666666665,0.792324288266981,2.9589909549336477,1.3743423783996855
479,2.1666666666666665,0.792324288266981,2.9589909549336477,1.3743423783996855
480,2.1666666666666665,0.792324288266981,2.9589909549336477,1.3743423783996855
481,2.1666666666666665,0.792324288266981,2.9589909549336477,1.3743423783996855
482,2.1666666666666665,0.792324288266981,2.9589909549336477,1.3743423783996855
483,2.1666666666666665,0.792324288266981,2.9589909549336477,1.3743423783996855
484,2.1666666666666665,0.792324288266981,2.9589909549336477,1.3743423783996855
485,2.1666666666666665,0.792324288266981,2.9589909549336477,1.3743423783996855
486,2.1666666666666665,0.792324288266981,2.9589909549336477,1.3743423783996855
487,2.1666666666666665,0.792324288266981,2.9589909549336477,1.3743423783996855
488,2.1666666666666665,0.792324288266981,2.9589909549336477,1.3743423783996855
489,2.1666666666666665,0.792324288266981,2.9589909549336477,1.3743423783996855
490,2.1666666666666665,0.792324288266981,2.9589909549336477,1.3743423783996855
491,2.1666666666666665,0.792324288266981,2.9589909549336477,1.3743423783996855
492,2.1666666666666665,0.792324288266981,2.9589909549336477,1.3743423783996855
493,2.1666666666666665,0.792324288266981,2.9589909549336477,1.3743423783996855
494,2.1666666666666665,0.792324288266981,2.9589909549336477,1.3743423783996855
495,2.1666666666666665,0.792324288266981,2.9589909549336477,1.3743423783996855
496,2.1666666666666665,0.792324288266981,2.9589909549336477,1.3743423783996855
497,2.1666666666666665,0.792324288266981,2.9589909549336477,1.3743423783996855
498,2.1666666666666665,0.792324288266981,2.9589909549336477,1.3743423783996855
499,2.1666666666666665,0.792324288266981,2.9589909549336477,1.3743423783996855
500,2.1666666666666665,0.792324288266981,2.9589909549336477,1.3743423783996855
501,2.1666666666666665,0.792324288266981,2.9589909549336477,1.3743423783996855
502,2.1666666666666665,0.792324288266981,2.9589909549336477,1.3743423783996855
503,2.1666666666666665,0.792324288266981,2.9589909549336477,1.3743423783996855
504,2.1666666666666665,0.792324288266981,2.9589909549336477,1.3743423783996855
505,2.1666666666666665,0.792324288266981,2.9589909549336477,1.3743423783996855
506,2.1666666666666665,0.792324288266981,2.9589909549336477,1.3743423783996855
507,2.1666666666666665,0.792324288266981,2.9589909549336477,1.3743423783996855
508,2.1666666666666665,0.792324288266981,2.9589909549336477,1.3743423783996855
509,2.1666666666666665,0.792324288266981,2.9589909549336477,1.3743423783996855
510,2.1666666666666665,0.792324288266981,2.9589909549336477,1.3743423783996855
511,2.1666666666666665,0.792324288266981,2.9589909549336477,1.3743423783996855
512,2.1666666666666665,0.792324288266981,2.9589909549336477,1.3743423783996855
513,2.1666666666666665,0.792324288266981,2.9589909549336477,1.3743423783996855
514,2.1666666666666665,0.792324288266981,2.9589909549336477,1.3743423783996855
515,2.1666666666666665,0.792324288266981,2.9589909549336477,1.3743423783996855
516,2.1666666666666665,0.792324288266981,2.9589909549336477,1.3743423783996855
517,2.1666666666666665,0.792324288266981,2.9589909549336477,1.3743423783996855
518,2.1666666666666665,0.792324288266981,2.9589909549336477,1.3743423783996855
519,2.1666666666666665,0.792324288266981,2.9589909549336477,1.3743423783996855
520,2.1666666666666665,0.792324288266981,2.9589909549336477,1.3743423783996855
521,2.1666666666666665,0.792324288266981,2.9589909549336477,1.3743423783996855
522,2.1666666666666665,0.792324288266981,2.9589909549336477,1.3743423783996855
523,2.1666666666666665,0.792324288266981,2.9589909549336477,1.3743423783996855
524,2.1666666666666665,0.792324288266981,2.9589909549336477,1.3743423783996855
525,2.1666666666666665,0.792324288266981,2.9589909549336477,1.3743423783996855
526,2.1666666666666665,0.792324288266981,2.9589909549336477,1.3743423783996855
527,2.1666666666666665,0.792324288266981,2.9589909549336477,1.3743423783996855
528,2.1666666666666665,0.792324288266981,2.9589909549336477,1.3743423783996855
529,2.1666666666666665,0.792324288266981,2.9589909549336477,1.3743423783996855
530,2.1666666666666665,0.792324288266981,2.9589909549336477,1.3743423783996855
531,2.1666666666666665,0.792324288266981,2.9589909549336477,1.3743423783996855
532,2.1666666666666665,0.792324288266981,2.9589909549336477,1.3743423783996855
533,2.1666666666666665,0.792324288266981,2.9589909549336477,1.3743423783996855
534,2.1666666666666665,0.792324288266981,2.9589909549336477,1.3743423783996855
535,2.1666666666666665,0.792324288266981,2.9589909549336477,1.3743423783996855
536,2.1666666666666665,0.792324288266981,2.9589909549336477,1.3743423783996855
537,2.1666666666666665,0.792324288266981,2.9589909549336477,1.3743423783996855
538,2.1666666666666665,0.792324288266981,2.9589909549336477,1.3743423783996855
539,2.1666666666666665,0.792324288266981,2.9589909549336477,1.3743423783996855
540,2.1666666666666665,0.792324288266981,2.9589909549336477,1.3743423783996855
541,2.1666666666666665,0.792324288266981,2.9589909549336477,1.3743423783996855
542,2.1666666666666665,0.792324288266981,2.9589909549336477,1.3743423783996855
543,2.1666666666666665,0.792324288266981,2.9589909549336477,1.3743423783996855
544,2.1666666666666665,0.792324288266981,2.9589909549336477,1.3743423783996855
545,2.1666666666666665,0.792324288266981,2.9589909549336477,1.3743423783996855
546,2.1666666666666665,0.792324288266981,2.9589909549336477,1.3743423783996855
547,2.1666666666666665,0.792324288266981,2.9589909549336477,1.3743423783996855
548,2.1666666666666665,0.792324288266981,2.9589909549336477,1.3743423783996855
549,2.1666666666666665,0.792324288266981,2.9589909549336477,1.3743423783996855
550,2.1666666666666665,0.792324288266981,2.9589909549336477,1.3743423783996855
551,2.1666666666666665,0.792324288266981,2.9589909549336477,1.3743423783996855
552,2.1666666666666665,0.792324288266981,2.9589909549336477,1.3743423783996855
553,2.1666666666666665,0.792324288266981,2.9589909549336477,1.3743423783996855
554,2.1666666666666665,0.792324288266981,2.9589909549336477,1.3743423783996855
555,2.1666666666666665,0.792324288266981,2.9589909549336477,1.3743423783996855
556,2.1666666666666665,0.792324288266981,2.9589909549336477,1.3743423783996855
557,2.1666666666666665,0.792324288266981,2.9589909549336477,1.3743423783996855
558,2.1666666666666665,0.792324288266981,2.9589909549336477,1.3743423783996855
559,2.1666666666666665,0.792324288266981,2.9589909549336477,1.3743423783996855
560,2.1666666666666665,0.792324288266981,2.9589909549336477,1.3743423783996855
561,2.1666666666666665,0.792324288266981,2.9589909549336477,1.3743423783996855
562,2.1666666666666665,0.792324288266981,2.9589909549336477,1.3743423783996855
563,2.1666666666666665,0.792324288266981,2.9589909549336477,1.3743423783996855
564,2.1666666666666665,0.792324288266981,2.9589909549336477,1.3743423783996855
565,2.1666666666666665,0.792324288266981,2.9589909549336477,1.3743423783996855
566,2.1666666666666665,0.792324288266981,2.9589909549336477,1.3743423783996855
567,2.1666666666666665,0.792324288266981,2.9589909549336477,1.3743423783996855
568,2.1666666666666665,0.792324288266981,2.9589909549336477,1.3743423783996855
569,2.1666666666666665,0.792324288266981,2.9589909549336477,1.3743423783996855
570,2.1666666666666665,0.792324288266981,2.9589909549336477,1.3743423783996855
571,2.1666666666666665,0.792324288266981,2.9589909549336477,1.3743423783996855
572,2.1666666666666665,0.792324288266981,2.9589909549336477,1.3743423783996855
573,2.1666666666666665,0.792324288266981,2.9589909549336477,1.3743423783996855
574,2.1666666666666665,0.792324288266981,2.9589909549336477,1.3743423783996855
575,2.1666666666666665,0.792324288266981,2.9589909549336477,1.3743423783996855
576,2.1666666666666665,0.792324288266981,2.9589909549336477,1.3743423783996855
577,2.1666666666666665,0.792324288266981,2.9589909549336477,1.3743423783996855
578,2.1666666666666665,0.792324288266981,2.9589909549336477,1.3743423783996855
579,2.1666666666666665,0.792324288266981,2.9589909549336477,1.3743423783996855
580,2.1666666666666665,0.792324288266981,2.9589909549336477,1.3743423783996855
581,2.1666666666666665,0.792324288266981,2.9589909549336477,1.3743423783996855
582,2.1666666666666665,0.792324288266981,2.9589909549336477,1.3743423783996855
583,2.1666666666666665,0.792324288266981,2.9589909549336477,1.3743423783996855
584,2.1666666666666665,0.792324288266981,2.9589909549336477,1.3743423783996855
585,2.1666666666666665,0.792324288266981,2.9589909549336477,1.3743423783996855
586,2.1666666666666665,0.792324288266981,2.9589909549336477,1.3743423783996855
587,2.1666666666666665,0.792324288266981,2.9589909549336477,1.3743423783996855
588,2.1666666666666665,0.792324288266981,2.9589909549336477,1.3743423783996855
589,2.1666666666666665,0.792324288266981,2.9589909549336477,1.3743423783996855
590,2.1666666666666665,0.792324288266981,2.9589909549336477,1.3743423783996855
591,2.1666666666666665,0.792324288266981,2.9589909549336477,1.3743423783996855
592,2.1666666666666665,0.792324288266981,2.9589909549336477,1.3743423783996855
593,2.1666666666666665,0.792324288266981,2.9589909549336477,1.3743423783996855
594,2.1666666666666665,0.792324288266981,2.9589909549336477,1.3743423783996855
595,2.1666666666666665,0.792324288266981,2.9589909549336477,1.3743423783996855
596,2.1666666666666665,0.792324288266981,2.9589909549336477,1.3743423783996855
597,2.1666666666666665,0.792324288266981,2.9589909549336477,1.3743423783996855
598,2.1666666666666665,0.792324288266981,2.9589909549336477,1.3743423783996855
599,2.1666666666666665,0.792324288266981,2.9589909549336477,1.3743423783996855
600,2.1666666666666665,0.792324288266981,2.9589909549336477,1.3743423783996855
601,2.1666666666666665,0.792324288266981,2.9589909549336477,1.3743423783996855
602,2.1666666666666665,0.792324288266981,2.9589909549336477,1.3743423783996855
603,2.1666666666666665,0.792324288266981,2.9589909549336477,1.3743423783996855
604,2.1666666666666665,0.792324288266981,2.9589909549336477,1.3743423783996855
605,2.1666666666666665,0.792324288266981,2.9589909549336477,1.3743423783996855
606,2.1666666666666665,0.792324288266981,2.9589909549336477,1.3743423783996855
607,2.1666666666666665,0.792324288266981,2.9589909549336477,1.3743423783996855
608,2.1666666666666665,0.792324288266981,2.9589909549336477,1.3743423783996855
609,2.1666666666666665,0.792324288266981,2.9589909549336477,1.3743423783996855
610,2.1666666666666665,0.792324288266981,2.9589909549336477,1.3743423783996855
611,2.1666666666666665,0.792324288266981,2.9589909549336477,1.3743423783996855
612,2.1666666666666665,0.792324288266981,2.9589909549336477,1.3743423783996855
613,2.1666666666666665,0.792324288266981,2.9589909549336477,1.3743423783996855
614,2.1666666666666665,0.792324288266981,2.9589909549336477,1.3743423783996855
615,2.1666666666666665,0.792324288266981,2.9589909549336477,1.3743423783996855
616,2.3333333333333335,0.881917103688197,3.2152504370215302,1.4514162296451365
617,2.3333333333333335,0.881917103688197,3.2152504370215302,1.4514162296451365
618,2.3333333333333335,0.881917103688197,3.2152504370215302,1.4514162296451365
619,2.3333333333333335,0.881917103688197,3.2152504370215302,1.4514162296451365
620,2.3333333333333335,0.881917103688197,3.2152504370215302,1.4514162296451365
621,2.3333333333333335,0.881917103688197,3.2152504370215302,1.4514162296451365
622,2.3333333333333335,0.881917103688197,3.2152504370215302,1.4514162296451365
623,2.3333333333333335,0.881917103688197,3.2152504370215302,1.4514162296451365
624,2.3333333333333335,0.881917103688197,3.2152504370215302,1.4514162296451365
625,2.3333333333333335,0.881917103688197,3.2152504370215302,1.4514162296451365
626,2.3333333333333335,0.881917103688197,3.2152504370215302,1.4514162296451365
627,2.3333333333333335,0.881917103688197,3.2152504370215302,1.4514162296451365
628,2.3333333333333335,0.881917103688197,3.2152504370215302,1.4514162296451365
629,2.3333333333333335,0.881917103688197,3.2152504370215302,1.4514162296451365
630,2.3333333333333335,0.881917103688197,3.2152504370215302,1.4514162296451365
631,2.3333333333333335,0.881917103688197,3.2152504370215302,1.4514162296451365
632,2.3333333333333335,0.881917103688197,3.2152504370215302,1.4514162296451365
633,2.3333333333333335,0.881917103688197,3.2152504370215302,1.4514162296451365
634,2.3333333333333335,0.881917103688197,3.2152504370215302,1.4514162296451365
635,2.3333333333333335,0.881917103688197,3.2152504370215302,1.4514162296451365
636,2.3333333333333335,0.881917103688197,3.2152504370215302,1.4514162296451365
637,2.3333333333333335,0.881917103688197,3.2152504370215302,1.4514162296451365
638,2.3333333333333335,0.881917103688197,3.2152504370215302,1.4514162296451365
639,2.3333333333333335,0.881917103688197,3.2152504370215302,1.4514162296451365
640,2.3333333333333335,0.881917103688197,3.2152504370215302,1.4514162296451365
641,2.3333333333333335,0.881917103688197,3.2152504370215302,1.4514162296451365
642,2.3333333333333335,0.881917103688197,3.2152504370215302,1.4514162296451365
643,2.3333333333333335,0.881917103688197,3.2152504370215302,1.4514162296451365
644,2.3333333333333335,0.881917103688197,3.2152504370215302,1.4514162296451365
645,2.3333333333333335,0.881917103688197,3.2152504370215302,1.4514162296451365
646,2.3333333333333335,0.881917103688197,3.2152504370215302,1.4514162296451365
647,2.3333333333333335,0.881917103688197,3.2152504370215302,1.4514162296451365
648,2.3333333333333335,0.881917103688197,3.2152504370215302,1.4514162296451365
649,2.3333333333333335,0.881917103688197,3.2152504370215302,1.4514162296451365
650,2.3333333333333335,0.881917103688197,3.2152504370215302,1.4514162296451365
651,2.3333333333333335,0.881917103688197,3.2152504370215302,1.4514162296451365
652,2.3333333333333335,0.881917103688197,3.2152504370215302,1.4514162296451365
653,2.3333333333333335,0.881917103688197,3.2152504370215302,1.4514162296451365
654,2.3333333333333335,0.881917103688197,3.2152504370215302,1.4514162296451365
655,2.3333333333333335,0.881917103688197,3.2152504370215302,1.4514162296451365
656,2.3333333333333335,0.881917103688197,3.2152504370215302,1.4514162296451365
657,2.3333333333333335,0.881917103688197,3.2152504370215302,1.4514162296451365
658,2.3333333333333335,0.881917103688197,3.2152504370215302,1.4514162296451365
659,2.3333333333333335,0.881917103688197,3.2152504370215302,1.4514162296451365
660,2.3333333333333335,0.881917103688197,3.2152504370215302,1.4514162296451365
661,2.3333333333333335,0.881917103688197,3.2152504370215302,1.4514162296451365
662,2.3333333333333335,0.881917103688197,3.2152504370215302,1.4514162296451365
663,2.3333333333333335,0.881917103688197,3.2152504370215302,1.4514162296451365
664,2.3333333333333335,0.881917103688197,3.2152504370215302,1.4514162296451365
665,2.3333333333333335,0.881917103688197,3.2152504370215302,1.4514162296451365
666,2.3333333333333335,0.881917103688197,3.2152504370215302,1.4514162296451365
667,2.3333333333333335,0.881917103688197,3.2152504370215302,1.4514162296451365
668,2.3333333333333335,0.881917103688197,3.2152504370215302,1.4514162296451365
669,2.3333333333333335,0.881917103688197,3.2152504370215302,1.4514162296451365
670,2.3333333333333335,0.881917103688197,3.2152504370215302,1.4514162296451365
671,2.3333333333333335,0.881917103688197,3.2152504370215302,1.4514162296451365
672,2.3333333333333335,0.881917103688197,3.2152504370215302,1.4514162296451365
673,2.3333333333333335,0.881917103688197,3.2152504370215302,1.4514162296451365
674,2.3333333333333335,0.881917103688197,3.2152504370215302,1.4514162296451365
675,2.3333333333333335,0.881917103688197,3.2152504370215302,1.4514162296451365
676,2.3333333333333335,0.881917103688197,3.2152504370215302,1.4514162296451365
677,2.3333333333333335,0.881917103688197,3.2152504370215302,1.4514162296451365
678,2.3333333333333335,0.881917103688197,3.2152504370215302,1.4514162296451365
679,2.3333333333333335,0.881917103688197,3.2152504370215302,1.4514162296451365
680,2.3333333333333335,0.881917103688197,3.2152504370215302,1.4514162296451365
681,2.3333333333333335,0.881917103688197,3.2152504370215302,1.4514162296451365
682,2.3333333333333335,0.881917103688197,3.2152504370215302,1.4514162296451365
683,2.3333333333333335,0.881917103688197,3.2152504370215302,1.4514162296451365
684,2.3333333333333335,0.881917103688197,3.2152504370215302,1.4514162296451365
685,2.3333333333333335,0.881917103688197,3.2152504370215302,1.4514162296451365
686,2.3333333333333335,0.881917103688197,3.2152504370215302,1.4514162296451365
687,2.3333333333333335,0.881917103688197,3.2152504370215302,1.4514162296451365
688,2.3333333333333335,0.881917103688197,3.2152504370215302,1.4514162296451365
689,2.3333333333333335,0.881917103688197,3.2152504370215302,1.4514162296451365
690,2.3333333333333335,0.881917103688197,3.2152504370215302,1.4514162296451365
691,2.3333333333333335,0.881917103688197,3.2152504370215302,1.4514162296451365
692,2.3333333333333335,0.881917103688197,3.2152504370215302,1.4514162296451365
693,2.3333333333333335,0.881917103688197,3.2152504370215302,1.4514162296451365
694,2.3333333333333335,0.881917103688197,3.2152504370215302,1.4514162296451365
695,2.3333333333333335,0.881917103688197,3.2152504370215302,1.4514162296451365
696,2.3333333333333335,0.881917103688197,3.2152504370215302,1.4514162296451365
697,2.3333333333333335,0.881917103688197,3.2152504370215302,1.4514162296451365
698,2.3333333333333335,0.881917103688197,3.2152504370215302,1.4514162296451365
699,2.3333333333333335,0.881917103688197,3.2152504370215302,1.4514162296451365
700,2.3333333333333335,0.881917103688197,3.2152504370215302,1.4514162296451365
701,2.3333333333333335,0.881917103688197,3.2152504370215302,1.4514162296451365
702,2.3333333333333335,0.881917103688197,3.2152504370215302,1.4514162296451365
703,2.3333333333333335,0.881917103688197,3.2152504370215302,1.4514162296451365
704,2.3333333333333335,0.881917103688197,3.2152504370215302,1.4514162296451365
705,2.3333333333333335,0.881917103688197,3.2152504370215302,1.4514162296451365
706,2.3333333333333335,0.881917103688197,3.2152504370215302,1.4514162296451365
707,2.3333333333333335,0.881917103688197,3.2152504370215302,1.4514162296451365
708,2.3333333333333335,0.881917103688197,3.2152504370215302,1.4514162296451365
709,2.3333333333333335,0.881917103688197,3.2152504370215302,1.4514162296451365
710,2.5,0.9916316520429012,3.4916316520429014,1.5083683479570988
711,2.5,0.9916316520429012,3.4916316520429014,1.5083683479570988
712,2.5,0.9916316520429012,3.4916316520429014,1.5083683479570988
713,2.5,0.9916316520429012,3.4916316520429014,1.5083683479570988
714,2.5,0.9916316520429012,3.4916316520429014,1.5083683479570988
715,2.5,0.9916316520429012,3.4916316520429014,1.5083683479570988
716,2.5,0.9916316520429012,3.4916316520429014,1.5083683479570988
717,2.5,0.9916316520429012,3.4916316520429014,1.5083683479570988
718,2.5,0.9916316520429012,3.4916316520429014,1.5083683479570988
719,2.5,0.9916316520429012,3.4916316520429014,1.5083683479570988
720,2.5,0.9916316520429012,3.4916316520429014,1.5083683479570988
721,2.5,0.9916316520429012,3.4916316520429014,1.5083683479570988
722,2.5,0.9916316520429012,3.4916316520429014,1.5083683479570988
723,2.5,0.9916316520429012,3.4916316520429014,1.5083683479570988
724,2.5,0.9916316520429012,3.4916316520429014,1.5083683479570988
725,2.5,0.9916316520429012,3.4916316520429014,1.5083683479570988
726,2.5,0.9916316520429012,3.4916316520429014,1.5083683479570988
727,2.5,0.9916316520429012,3.4916316520429014,1.5083683479570988
728,2.5,0.9916316520429012,3.4916316520429014,1.5083683479570988
729,2.5,0.9916316520429012,3.4916316520429014,1.5083683479570988
730,2.5,0.9916316520429012,3.4916316520429014,1.5083683479570988
731,2.5,0.9916316520429012,3.4916316520429014,1.5083683479570988
732,2.5,0.9916316520429012,3.4916316520429014,1.5083683479570988
733,2.5,0.9916316520429012,3.4916316520429014,1.5083683479570988
734,2.5,0.9916316520429012,3.4916316520429014,1.5083683479570988
735,2.5,0.9916316520429012,3.4916316520429014,1.5083683479570988
736,2.5,0.9916316520429012,3.4916316520429014,1.5083683479570988
737,2.5,0.9916316520429012,3.4916316520429014,1.5083683479570988
738,2.5,0.9916316520429012,3.4916316520429014,1.5083683479570988
739,2.5,0.9916316520429012,3.4916316520429014,1.5083683479570988
740,2.6666666666666665,1.1155467020454342,3.7822133687121005,1.5511199646212324
741,2.6666666666666665,1.1155467020454342,3.7822133687121005,1.5511199646212324
742,2.6666666666666665,1.1155467020454342,3.7822133687121005,1.5511199646212324
743,2.6666666666666665,1.1155467020454342,3.7822133687121005,1.5511199646212324
744,2.6666666666666665,1.1155467020454342,3.7822133687121005,1.5511199646212324
745,2.6666666666666665,1.1155467020454342,3.7822133687121005,1.5511199646212324
746,2.6666666666666665,1.1155467020454342,3.7822133687121005,1.5511199646212324
747,2.6666666666666665,1.1155467020454342,3.7822133687121005,1.5511199646212324
748,2.6666666666666665,1.1155467020454342,3.7822133687121005,1.5511199646212324
749,2.6666666666666665,1.1155467020454342,3.7822133687121005,1.5511199646212324
750,2.6666666666666665,1.1155467020454342,3.7822133687121005,1.5511199646212324
751,2.6666666666666665,1.1155467020454342,3.7822133687121005,1.5511199646212324
752,2.6666666666666665,1.1155467020454342,3.7822133687121005,1.5511199646212324
753,2.6666666666666665,1.1155467020454342,3.7822133687121005,1.5511199646212324
754,2.8333333333333335,1.2494443209327541,4.082777654266088,1.5838890124005793
755,2.8333333333333335,1.2494443209327541,4.082777654266088,1.5838890124005793
756,2.8333333333333335,1.2494443209327541,4.082777654266088,1.5838890124005793
757,2.8333333333333335,1.2494443209327541,4.082777654266088,1.5838890124005793
758,2.8333333333333335,1.2494443209327541,4.082777654266088,1.5838890124005793
759,2.8333333333333335,1.2494443209327541,4.082777654266088,1.5838890124005793
760,2.8333333333333335,1.2494443209327541,4.082777654266088,1.5838890124005793
761,2.8333333333333335,1.2494443209327541,4.082777654266088,1.5838890124005793
762,2.8333333333333335,1.2494443209327541,4.082777654266088,1.5838890124005793
763,2.8333333333333335,1.2494443209327541,4.082777654266088,1.5838890124005793
764,2.8333333333333335,1.2494443209327541,4.082777654266088,1.5838890124005793
765,2.8333333333333335,1.2494443209327541,4.082777654266088,1.5838890124005793
766,2.8333333333333335,1.2494443209327541,4.082777654266088,1.5838890124005793
767,2.8333333333333335,1.2494443209327541,4.082777654266088,1.5838890124005793
768,2.8333333333333335,1.2494443209327541,4.082777654266088,1.5838890124005793
769,2.8333333333333335,1.2494443209327541,4.082777654266088,1.5838890124005793
770,2.8333333333333335,1.2494443209327541,4.082777654266088,1.5838890124005793
771,2.8333333333333335,1.2494443209327541,4.082777654266088,1.5838890124005793
772,2.8333333333333335,1.2494443209327541,4.082777654266088,1.5838890124005793
773,2.8333333333333335,1.2494443209327541,4.082777654266088,1.5838890124005793
774,2.8333333333333335,1.2494443209327541,4.082777654266088,1.5838890124005793
775,2.8333333333333335,1.2494443209327541,4.082777654266088,1.5838890124005793
776,2.8333333333333335,1.2494443209327541,4.082777654266088,1.5838890124005793
777,2.8333333333333335,1.2494443209327541,4.082777654266088,1.5838890124005793
778,2.8333333333333335,1.2494443209327541,4.082777654266088,1.5838890124005793
779,2.8333333333333335,1.2494443209327541,4.082777654266088,1.5838890124005793
780,2.8333333333333335,1.2494443209327541,4.082777654266088,1.5838890124005793
781,2.8333333333333335,1.2494443209327541,4.082777654266088,1.5838890124005793
782,2.8333333333333335,1.2494443209327541,4.082777654266088,1.5838890124005793
783,2.8333333333333335,1.2494443209327541,4.082777654266088,1.5838890124005793
784,2.8333333333333335,1.2494443209327541,4.082777654266088,1.5838890124005793
785,2.8333333333333335,1.2494443209327541,4.082777654266088,1.5838890124005793
786,2.8333333333333335,1.2494443209327541,4.082777654266088,1.5838890124005793
787,2.8333333333333335,1.2494443209327541,4.082777654266088,1.5838890124005793
788,2.8333333333333335,1.2494443209327541,4.082777654266088,1.5838890124005793
789,2.8333333333333335,1.2494443209327541,4.082777654266088,1.5838890124005793
790,2.8333333333333335,1.2494443209327541,4.082777654266088,1.5838890124005793
791,2.8333333333333335,1.2494443209327541,4.082777654266088,1.5838890124005793
792,2.8333333333333335,1.2494443209327541,4.082777654266088,1.5838890124005793
793,2.8333333333333335,1.2494443209327541,4.082777654266088,1.5838890124005793
794,2.8333333333333335,1.2494443209327541,4.082777654266088,1.5838890124005793
795,2.8333333333333335,1.2494443209327541,4.082777654266088,1.5838890124005793
796,2.8333333333333335,1.2494443209327541,4.082777654266088,1.5838890124005793
797,2.8333333333333335,1.2494443209327541,4.082777654266088,1.5838890124005793
798,2.8333333333333335,1.2494443209327541,4.082777654266088,1.5838890124005793
799,2.8333333333333335,1.2494443209327541,4.082777654266088,1.5838890124005793
800,2.8333333333333335,1.2494443209327541,4.082777654266088,1.5838890124005793
801,2.8333333333333335,1.2494443209327541,4.082777654266088,1.5838890124005793
802,2.8333333333333335,1.2494443209327541,4.082777654266088,1.5838890124005793
803,2.8333333333333335,1.2494443209327541,4.082777654266088,1.5838890124005793
804,2.8333333333333335,1.2494443209327541,4.082777654266088,1.5838890124005793
805,2.8333333333333335,1.2494443209327541,4.082777654266088,1.5838890124005793
806,2.8333333333333335,1.2494443209327541,4.082777654266088,1.5838890124005793
807,2.8333333333333335,1.2494443209327541,4.082777654266088,1.5838890124005793
808,2.8333333333333335,1.2494443209327541,4.082777654266088,1.5838890124005793
809,2.8333333333333335,1.2494443209327541,4.082777654266088,1.5838890124005793
810,2.8333333333333335,1.2494443209327541,4.082777654266088,1.5838890124005793
811,2.8333333333333335,1.2494443209327541,4.082777654266088,1.5838890124005793
812,2.8333333333333335,1.2494443209327541,4.082777654266088,1.5838890124005793
813,2.8333333333333335,1.2494443209327541,4.082777654266088,1.5838890124005793
814,2.8333333333333335,1.2494443209327541,4.082777654266088,1.5838890124005793
815,2.8333333333333335,1.2494443209327541,4.082777654266088,1.5838890124005793
816,2.8333333333333335,1.2494443209327541,4.082777654266088,1.5838890124005793
817,2.8333333333333335,1.2494443209327541,4.082777654266088,1.5838890124005793
818,2.8333333333333335,1.2494443209327541,4.082777654266088,1.5838890124005793
819,2.8333333333333335,1.2494443209327541,4.082777654266088,1.5838890124005793
820,2.8333333333333335,1.2494443209327541,4.082777654266088,1.5838890124005793
821,2.8333333333333335,1.2494443209327541,4.082777654266088,1.5838890124005793
822,2.8333333333333335,1.2494443209327541,4.082777654266088,1.5838890124005793
823,2.8333333333333335,1.2494443209327541,4.082777654266088,1.5838890124005793
824,2.8333333333333335,1.2494443209327541,4.082777654266088,1.5838890124005793
825,2.8333333333333335,1.2494443209327541,4.082777654266088,1.5838890124005793
826,2.8333333333333335,1.2494443209327541,4.082777654266088,1.5838890124005793
827,2.8333333333333335,1.2494443209327541,4.082777654266088,1.5838890124005793
828,2.8333333333333335,1.2494443209327541,4.082777654266088,1.5838890124005793
829,2.8333333333333335,1.2494443209327541,4.082777654266088,1.5838890124005793
830,2.8333333333333335,1.2494443209327541,4.082777654266088,1.5838890124005793
831,2.8333333333333335,1.2494443209327541,4.082777654266088,1.5838890124005793
832,2.8333333333333335,1.2494443209327541,4.082777654266088,1.5838890124005793
833,2.8333333333333335,1.2494443209327541,4.082777654266088,1.5838890124005793
834,2.8333333333333335,1.2494443209327541,4.082777654266088,1.5838890124005793
835,2.8333333333333335,1.2494443209327541,4.082777654266088,1.5838890124005793
836,2.8333333333333335,1.2494443209327541,4.082777654266088,1.5838890124005793
837,2.8333333333333335,1.2494443209327541,4.082777654266088,1.5838890124005793
838,2.8333333333333335,1.2494443209327541,4.082777654266088,1.5838890124005793
839,2.8333333333333335,1.2494443209327541,4.082777654266088,1.5838890124005793
840,2.8333333333333335,1.2494443209327541,4.082777654266088,1.5838890124005793
841,2.8333333333333335,1.2494443209327541,4.082777654266088,1.5838890124005793
842,2.8333333333333335,1.2494443209327541,4.082777654266088,1.5838890124005793
843,2.8333333333333335,1.2494443209327541,4.082777654266088,1.5838890124005793
844,2.8333333333333335,1.2494443209327541,4.082777654266088,1.5838890124005793
845,2.8333333333333335,1.2494443209327541,4.082777654266088,1.5838890124005793
846,2.8333333333333335,1.2494443209327541,4.082777654266088,1.5838890124005793
847,2.8333333333333335,1.2494443209327541,4.082777654266088,1.5838890124005793
848,2.8333333333333335,1.2494443209327541,4.082777654266088,1.5838890124005793
849,2.8333333333333335,1.2494443209327541,4.082777654266088,1.5838890124005793
850,2.8333333333333335,1.2494443209327541,4.082777654266088,1.5838890124005793
851,2.8333333333333335,1.2494443209327541,4.082777654266088,1.5838890124005793
852,2.8333333333333335,1.2494443209327541,4.082777654266088,1.5838890124005793
853,2.8333333333333335,1.2494443209327541,4.082777654266088,1.5838890124005793
854,2.8333333333333335,1.2494443209327541,4.082777654266088,1.5838890124005793
855,2.8333333333333335,1.2494443209327541,4.082777654266088,1.5838890124005793
856,2.8333333333333335,1.2494443209327541,4.082777654266088,1.5838890124005793
857,2.8333333333333335,1.2494443209327541,4.082777654266088,1.5838890124005793
858,2.8333333333333335,1.2494443209327541,4.082777654266088,1.5838890124005793
859,2.8333333333333335,1.2494443209327541,4.082777654266088,1.5838890124005793
860,2.8333333333333335,1.2494443209327541,4.082777654266088,1.5838890124005793
861,2.8333333333333335,1.2494443209327541,4.082777654266088,1.5838890124005793
862,2.8333333333333335,1.2494443209327541,4.082777654266088,1.5838890124005793
863,2.8333333333333335,1.2494443209327541,4.082777654266088,1.5838890124005793
864,2.8333333333333335,1.2494443209327541,4.082777654266088,1.5838890124005793
865,2.8333333333333335,1.2494443209327541,4.082777654266088,1.5838890124005793
866,2.8333333333333335,1.2494443209327541,4.082777654266088,1.5838890124005793
867,2.8333333333333335,1.2494443209327541,4.082777654266088,1.5838890124005793
868,2.8333333333333335,1.2494443209327541,4.082777654266088,1.5838890124005793
869,2.8333333333333335,1.2494443209327541,4.082777654266088,1.5838890124005793
870,2.8333333333333335,1.2494443209327541,4.082777654266088,1.5838890124005793
871,2.8333333333333335,1.2494443209327541,4.082777654266088,1.5838890124005793
872,2.8333333333333335,1.2494443209327541,4.082777654266088,1.5838890124005793
873,2.8333333333333335,1.2494443209327541,4.082777654266088,1.5838890124005793
874,2.8333333333333335,1.2494443209327541,4.082777654266088,1.5838890124005793
875,2.8333333333333335,1.2494443209327541,4.082777654266088,1.5838890124005793
876,2.8333333333333335,1.2494443209327541,4.082777654266088,1.5838890124005793
877,2.8333333333333335,1.2494443209327541,4.082777654266088,1.5838890124005793
878,2.8333333333333335,1.2494443209327541,4.082777654266088,1.5838890124005793
879,2.8333333333333335,1.2494443209327541,4.082777654266088,1.5838890124005793
880,2.8333333333333335,1.2494443209327541,4.082777654266088,1.5838890124005793
881,2.8333333333333335,1.2494443209327541,4.082777654266088,1.5838890124005793
882,2.8333333333333335,1.2494443209327541,4.082777654266088,1.5838890124005793
883,2.8333333333333335,1.2494443209327541,4.082777654266088,1.5838890124005793
884,2.8333333333333335,1.2494443209327541,4.082777654266088,1.5838890124005793
885,2.8333333333333335,1.2494443209327541,4.082777654266088,1.5838890124005793
886,2.8333333333333335,1.2494443209327541,4.082777654266088,1.5838890124005793
887,2.8333333333333335,1.2494443209327541,4.082777654266088,1.5838890124005793
888,2.8333333333333335,1.2494443209327541,4.082777654266088,1.5838890124005793
889,2.8333333333333335,1.2494443209327541,4.082777654266088,1.5838890124005793
890,2.8333333333333335,1.2494443209327541,4.082777654266088,1.5838890124005793
891,2.8333333333333335,1.2494443209327541,4.082777654266088,1.5838890124005793
892,2.8333333333333335,1.2494443209327541,4.082777654266088,1.5838890124005793
893,2.8333333333333335,1.2494443209327541,4.082777654266088,1.5838890124005793
894,2.8333333333333335,1.2494443209327541,4.082777654266088,1.5838890124005793
895,2.8333333333333335,1.2494443209327541,4.082777654266088,1.5838890124005793
896,2.8333333333333335,1.2494443209327541,4.082777654266088,1.5838890124005793
897,2.8333333333333335,1.2494443209327541,4.082777654266088,1.5838890124005793
898,2.8333333333333335,1.2494443209327541,4.082777654266088,1.5838890124005793
899,2.8333333333333335,1.2494443209327541,4.082777654266088,1.5838890124005793
900,2.8333333333333335,1.2494443209327541,4.082777654266088,1.5838890124005793
901,2.8333333333333335,1.2494443209327541,4.082777654266088,1.5838890124005793
902,2.8333333333333335,1.2494443209327541,4.082777654266088,1.5838890124005793
903,2.8333333333333335,1.2494443209327541,4.082777654266088,1.5838890124005793
904,2.8333333333333335,1.2494443209327541,4.082777654266088,1.5838890124005793
905,2.8333333333333335,1.2494443209327541,4.082777654266088,1.5838890124005793
906,2.8333333333333335,1.2494443209327541,4.082777654266088,1.5838890124005793
907,2.8333333333333335,1.2494443209327541,4.082777654266088,1.5838890124005793
908,2.8333333333333335,1.2494443209327541,4.082777654266088,1.5838890124005793
909,2.8333333333333335,1.2494443209327541,4.082777654266088,1.5838890124005793
910,2.8333333333333335,1.2494443209327541,4.082777654266088,1.5838890124005793
911,2.8333333333333335,1.2494443209327541,4.082777654266088,1.5838890124005793
912,2.8333333333333335,1.2494443209327541,4.082777654266088,1.5838890124005793
913,2.8333333333333335,1.2494443209327541,4.082777654266088,1.5838890124005793
914,2.8333333333333335,1.2494443209327541,4.082777654266088,1.5838890124005793
915,2.8333333333333335,1.2494443209327541,4.082777654266088,1.5838890124005793
916,2.8333333333333335,1.2494443209327541,4.082777654266088,1.5838890124005793
917,2.8333333333333335,1.2494443209327541,4.082777654266088,1.5838890124005793
918,2.8333333333333335,1.2494443209327541,4.082777654266088,1.5838890124005793
919,2.8333333333333335,1.2494443209327541,4.082777654266088,1.5838890124005793
920,2.8333333333333335,1.2494443209327541,4.082777654266088,1.5838890124005793
921,2.8333333333333335,1.2494443209327541,4.082777654266088,1.5838890124005793
922,2.8333333333333335,1.2494443209327541,4.082777654266088,1.5838890124005793
923,2.8333333333333335,1.2494443209327541,4.082777654266088,1.5838890124005793
924,2.8333333333333335,1.2494443209327541,4.082777654266088,1.5838890124005793
925,2.8333333333333335,1.2494443209327541,4.082777654266088,1.5838890124005793
926,2.8333333333333335,1.2494443209327541,4.082777654266088,1.5838890124005793
927,2.8333333333333335,1.2494443209327541,4.082777654266088,1.5838890124005793
928,2.8333333333333335,1.2494443209327541,4.082777654266088,1.5838890124005793
929,2.8333333333333335,1.2494443209327541,4.082777654266088,1.5838890124005793
930,2.8333333333333335,1.2494443209327541,4.082777654266088,1.5838890124005793
931,2.8333333333333335,1.2494443209327541,4.082777654266088,1.5838890124005793
932,2.8333333333333335,1.2494443209327541,4.082777654266088,1.5838890124005793
933,2.8333333333333335,1.2494443209327541,4.082777654266088,1.5838890124005793
934,2.8333333333333335,1.2494443209327541,4.082777654266088,1.5838890124005793
935,2.8333333333333335,1.2494443209327541,4.082777654266088,1.5838890124005793
936,2.8333333333333335,1.2494443209327541,4.082777654266088,1.5838890124005793
937,2.8333333333333335,1.2494443209327541,4.082777654266088,1.5838890124005793
938,2.8333333333333335,1.2494443209327541,4.082777654266088,1.5838890124005793
939,2.8333333333333335,1.2494443209327541,4.082777654266088,1.5838890124005793
940,2.8333333333333335,1.2494443209327541,4.082777654266088,1.5838890124005793
941,2.8333333333333335,1.2494443209327541,4.082777654266088,1.5838890124005793
942,2.8333333333333335,1.2494443209327541,4.082777654266088,1.5838890124005793
943,2.8333333333333335,1.2494443209327541,4.082777654266088,1.5838890124005793
944,2.8333333333333335,1.2494443209327541,4.082777654266088,1.5838890124005793
945,2.8333333333333335,1.2494443209327541,4.082777654266088,1.5838890124005793
946,2.8333333333333335,1.2494443209327541,4.082777654266088,1.5838890124005793
947,2.8333333333333335,1.2494443209327541,4.082777654266088,1.5838890124005793
948,2.8333333333333335,1.2494443209327541,4.082777654266088,1.5838890124005793
949,2.8333333333333335,1.2494443209327541,4.082777654266088,1.5838890124005793
950,2.8333333333333335,1.2494443209327541,4.082777654266088,1.5838890124005793
951,2.8333333333333335,1.2494443209327541,4.082777654266088,1.5838890124005793
952,2.8333333333333335,1.2494443209327541,4.082777654266088,1.5838890124005793
953,2.8333333333333335,1.2494443209327541,4.082777654266088,1.5838890124005793
954,2.8333333333333335,1.2494443209327541,4.082777654266088,1.5838890124005793
955,2.8333333333333335,1.2494443209327541,4.082777654266088,1.5838890124005793
956,2.8333333333333335,1.2494443209327541,4.082777654266088,1.5838890124005793
957,2.8333333333333335,1.2494443209327541,4.082777654266088,1.5838890124005793
958,2.8333333333333335,1.2494443209327541,4.082777654266088,1.5838890124005793
959,2.8333333333333335,1.2494443209327541,4.082777654266088,1.5838890124005793
960,2.8333333333333335,1.2494443209327541,4.082777654266088,1.5838890124005793
961,2.8333333333333335,1.2494443209327541,4.082777654266088,1.5838890124005793
962,2.8333333333333335,1.2494443209327541,4.082777654266088,1.5838890124005793
963,2.8333333333333335,1.2494443209327541,4.082777654266088,1.5838890124005793
964,2.8333333333333335,1.2494443209327541,4.082777654266088,1.5838890124005793
965,2.8333333333333335,1.2494443209327541,4.082777654266088,1.5838890124005793
966,2.8333333333333335,1.2494443209327541,4.082777654266088,1.5838890124005793
967,2.8333333333333335,1.2494443209327541,4.082777654266088,1.5838890124005793
968,2.8333333333333335,1.2494443209327541,4.082777654266088,1.5838890124005793
969,2.8333333333333335,1.2494443209327541,4.082777654266088,1.5838890124005793
970,2.8333333333333335,1.2494443209327541,4.082777654266088,1.5838890124005793
971,2.8333333333333335,1.2494443209327541,4.082777654266088,1.5838890124005793
972,2.8333333333333335,1.2494443209327541,4.082777654266088,1.5838890124005793
973,2.8333333333333335,1.2494443209327541,4.082777654266088,1.5838890124005793
974,2.8333333333333335,1.2494443209327541,4.082777654266088,1.5838890124005793
975,2.8333333333333335,1.2494443209327541,4.082777654266088,1.5838890124005793
976,2.8333333333333335,1.2494443209327541,4.082777654266088,1.5838890124005793
977,2.8333333333333335,1.2494443209327541,4.082777654266088,1.5838890124005793
978,2.8333333333333335,1.2494443209327541,4.082777654266088,1.5838890124005793
979,2.8333333333333335,1.2494443209327541,4.082777654266088,1.5838890124005793
980,2.8333333333333335,1.2494443209327541,4.082777654266088,1.5838890124005793
981,2.8333333333333335,1.2494443209327541,4.082777654266088,1.5838890124005793
982,2.8333333333333335,1.2494443209327541,4.082777654266088,1.5838890124005793
983,2.8333333333333335,1.2494443209327541,4.082777654266088,1.5838890124005793
984,2.8333333333333335,1.2494443209327541,4.082777654266088,1.5838890124005793
985,2.8333333333333335,1.2494443209327541,4.082777654266088,1.5838890124005793
986,2.8333333333333335,1.2494443209327541,4.082777654266088,1.5838890124005793
987,2.8333333333333335,1.2494443209327541,4.082777654266088,1.5838890124005793
988,2.8333333333333335,1.2494443209327541,4.082777654266088,1.5838890124005793
989,2.8333333333333335,1.2494443209327541,4.082777654266088,1.5838890124005793
990,2.8333333333333335,1.2494443209327541,4.082777654266088,1.5838890124005793
991,2.8333333333333335,1.2494443209327541,4.082777654266088,1.5838890124005793
992,2.8333333333333335,1.2494443209327541,4.082777654266088,1.5838890124005793
993,2.8333333333333335,1.2494443209327541,4.082777654266088,1.5838890124005793
994,2.8333333333333335,1.2494443209327541,4.082777654266088,1.5838890124005793
995,2.8333333333333335,1.2494443209327541,4.082777654266088,1.5838890124005793
996,2.8333333333333335,1.2494443209327541,4.082777654266088,1.5838890124005793
997,2.8333333333333335,1.2494443209327541,4.082777654266088,1.5838890124005793
998,2.8333333333333335,1.2494443209327541,4.082777654266088,1.5838890124005793
999,2.8333333333333335,1.2494443209327541,4.082777654266088,1.5838890124005793
